0,62268442979210216786511687512118061292961747280450512181517136096954345703125,5 11 3 5 3 11 11 3 7 7 7 5 11 3 11 7 5 5 5 7 11 5 7 11 11 11 3 3 7 3 3 7 11 3 11 11 3 3 11 7 7 5 5 3 3 5 3 3 7 5 11 3 11 7 3 11 11 7 11 3 11 5 5 7 3 5 5 3 5 11 5 7 5 7 3 7 5 5 3 7 11 3 5 5 11 3 7 3 11 7 11 11 3 3 7 11 7 3 7 5 7
1,59691225181817729264440439548462031368734895553959334100969135761260986328125,11 3 11 3 5 3 7 5 3 3 11 11 7 3 5 7 3 7 5 3 11 7 5 3 3 7 7 5 7 3 5 5 5 7 5 11 5 11 3 5 11 11 11 3 7 3 7 7 3 7 7 11 5 11 7 3 5 5 5 3 7 5 11 7 5 11 5 5 11 3 11 7 3 7 7 7 5 5 5 7 5 11 5 11 5 5 7 11 3 7 3 7 7 11 3 11 5 5 3 7 7
2,61520033970903032784374503469905655304464460619035469119174778461456298828125,3 3 11 3 3 7 5 7 5 7 3 11 11 5 3 5 11 5 3 7 5 3 11 3 3 5 11 5 11 7 11 5 11 11 5 5 7 5 11 3 3 7 11 3 3 5 11 11 11 5 11 5 11 11 5 7 7 11 7 5 7 7 7 7 7 11 7 7 5 7 3 7 11 11 3 5 7 11 5 11 3 7 3 5 11 7 5 11 5 3 3 3 5 5 11 5 7 11
3,87718505323831071731562294579430026239145962547591818437524139881134033203125,7 7 11 5 11 3 5 5 7 7 5 3 5 3 11 5 7 11 5 3 3 5 7 5 5 7 3 5 3 7 5 3 7 11 7 11 11 11 3 3 3 5 3 11 3 11 11 11 11 7 11 3 3 5 5 5 3 5 11 7 7 7 11 5 3 11 3 5 3 5 3 5 7 5 7 11 11 7 5 5 7 3 7 7 3 7 11 3 11 3 5 3 11 7 3 5 5 3 3 11 3 7 7
4,88962564253735773523288003666073334643280026246826784643332482242584228515625,5 11 11 11 11 7 3 11 11 7 7 11 11 5 5 5 3 5 7 5 3 7 3 11 7 5 3 3 3 3 3 5 7 3 7 3 7 7 5 11 7 3 3 11 7 3 5 7 3 3 11 5 3 11 11 3 3 7 3 11 3 7 5 5 7 5 7 3 11 11 3 11 11 5 7 3 7 5 3 5 3 3 7 5 3 7 5 11 7 7 11 7 11 11 7 3 7 11 7 3 7 5
5,62656075231307908379687353271021447313675687533994156026802957057952880859375,7 5 11 5 5 11 11 11 5 7 11 11 5 3 3 5 5 11 3 5 7 3 7 11 7 11 5 3 3 11 7 11 3 3 3 11 7 11 5 5 5 3 5 5 7 11 7 7 5 3 7 7 11 5 5 11 3 3 5 11 7 3 11 3 7 3 11 11 3 3 5 5 3 7 3 7 3 3 7 11 3 5 7 5 3 3 7 7 7 5 7 3 3 5 3 3 7 11 11 5 5 5 5
6,100677799052581636703309469169424555666263404188795743937927706241607666015625,11 5 7 11 3 3 11 7 5 11 7 11 5 3 5 3 11 3 11 5 3 7 5 3 5 7 11 11 3 3 11 5 5 3 3 7 11 3 3 5 5 3 3 5 5 11 5 5 7 3 7 5 3 7 7 7 7 11 11 5 7 11 7 5 3 7 7 7 3 7 11 11 11 7 11 7 3 5 5 7 5 11 3 3 11 3 11 7 7 7 7 7 11 11 7 7 5 3 11 3
7,96093276202484902448320505419935279773089116173534741020859777927398681640625,3 7 11 5 3 3 5 7 11 7 5 3 7 5 11 3 3 3 3 11 5 11 7 5 3 7 3 3 5 5 7 11 3 7 7 7 7 11 5 3 5 5 7 3 11 3 3 7 11 7 11 11 5 11 5 11 3 11 7 5 5 3 3 7 7 11 11 11 11 7 7 11 11 5 5 7 11 7 5 5 3 5 7 11 5 3 7 3 11 5 3 7 11 11 5 3 5 5 11 5
8,65361302870865163473807454557701220546092256391518524769672696590423583984375,11 11 3 11 5 11 7 7 7 3 3 7 7 5 11 3 7 11 5 5 3 7 11 11 5 5 11 7 11 11 3 3 11 11 11 5 3 11 3 5 3 3 7 3 7 3 11 11 11 3 7 7 11 11 5 11 5 3 5 3 7 11 5 5 5 11 3 7 7 3 3 3 7 3 3 5 5 5 11 3 5 11 7 11 11 3 5 3 11 3 5 3 3 5 5 7 3 3 3 3 3 7 3
9,93405959731488598992169855994157192850655348685715566462864298152923583984375,11 7 3 7 5 5 11 7 11 11 7 7 5 11 5 7 7 3 3 11 5 7 11 7 5 3 11 7 3 5 11 5 11 11 5 11 7 7 7 5 7 7 7 7 5 3 11 11 5 3 3 7 5 7 11 3 3 11 7 3 7 7 7 3 11 11 5 11 7 7 3 7 11 5 3 11 11 11 7 5 7 7 3 5 11 5 7 11 5 5 3 11 11 7 11
10,110050974049325482838787311775189310170565512880810265430403470897674560546875,11 11 5 3 5 7 3 5 7 7 5 3 3 11 5 11 5 11 3 7 7 3 11 11 7 7 5 7 5 11 11 3 11 11 7 11 11 7 11 5 7 7 5 3 11 7 3 11 3 5 11 7 11 5 3 5 11 11 3 3 3 5 5 5 11 11 3 11 3 7 7 7 11 7 11 5 7 3 5 11 11 7 3 3 5 3 11 11 11 7 7 3 11 7 3 7 5
11,64715879891469424097848503650160494541060017014829519463028013706207275390625,11 7 5 11 3 3 11 3 5 7 11 11 5 5 5 5 5 11 11 11 3 11 5 5 3 3 5 5 3 7 11 5 3 7 3 11 11 3 11 11 3 11 3 5 7 5 3 11 7 5 7 11 3 7 3 7 5 7 7 7 3 7 11 3 11 11 7 11 3 5 7 5 3 7 5 11 5 5 7 7 5 11 7 5 11 3 5 11 5 3 3 5 3 11 7 7 7 3 11 3
12,69611506773499303092002547254287835632102125181967342951367156887054443359375,5 7 7 11 3 7 3 3 7 7 3 11 5 3 3 3 11 5 7 7 5 5 3 5 3 11 7 7 5 11 11 3 11 7 7 7 11 11 11 11 11 5 3 7 11 3 11 11 7 7 7 5 3 5 7 11 5 11 11 11 11 3 3 5 3 3 7 3 11 5 11 7 7 5 7 3 5 3 5 11 5 5 3 5 11 7 7 3 11 11 3 7 5 7 11 7 3 7 3
13,97258915599610333980782540255144012451426861885681708603157103061676025390625,5 11 5 11 11 11 7 11 5 3 5 5 11 7 11 11 5 7 3 3 3 11 3 7 5 5 11 11 7 5 5 5 5 7 11 3 11 3 5 5 7 3 11 5 7 11 11 11 7 7 5 11 11 7 11 3 7 3 5 5 3 3 7 5 7 3 11 3 5 3 7 11 5 11 5 11 7 7 11 11 7 5 3 3 7 5 3 11 11 11 11 11 5 11 5 7
14,76745860948051366197137707990879754616944865712233429558388888835906982421875,7 7 7 11 7 11 3 7 11 3 5 11 5 7 7 7 5 11 7 3 3 3 5 3 5 11 3 3 5 5 5 5 3 5 7 5 3 11 7 5 3 7 7 11 11 5 5 7 11 5 3 7 5 7 3 11 3 11 5 5 5 3 3 5 11 11 3 7 3 3 3 3 5 5 7 3 7 5 3 5 7 5 5 7 5 7 11 11 3 11 11 7 7 5 7 7 11 3 7 5 11 11
15,57906517843048229480372321355901954471245448171739943909667432308197021484375,5 3 7 3 5 3 7 7 3 7 7 3 7 3 11 11 11 7 7 5 11 5 5 5 7 7 11 5 7 5 3 3 5 11 7 7 5 11 7 7 11 5 7 3 5 5 3 5 11 7 3 7 7 5 7 7 11 7 11 5 7 3 5 11 5 3 5 11 11 5 7 11 3 11 7 3 7 5 5 3 5 7 3 11 7 3 5 5 11 7 11 11 7 3 7 3 3 5 7 5
16,105267613683545189431040817048505232409861410392571802715032398700714111328125,5 3 11 11 7 7 7 3 3 5 11 11 11 5 7 5 5 11 3 7 5 7 5 5 11 5 5 3 11 11 7 11 5 3 11 3 7 5 5 7 7 11 5 11 3 11 5 11 7 11 11 11 3 7 5 7 5 7 11 3 7 5 3 11 5 11 7 3 3 5 3 11 7 5 7 11 7 3 11 5 7 3 5 11 5 3 7 11 7 3 5 11 3 7 11 11 7
17,69905538481211302737667708194941284192943948901563727798499166965484619140625,5 11 3 5 5 5 3 3 5 11 11 11 5 7 7 7 3 7 5 11 5 3 11 7 11 5 5 3 7 5 3 7 7 7 5 7 7 11 5 3 11 3 11 3 11 7 3 7 7 3 3 5 3 11 3 3 7 3 5 3 5 11 3 3 7 7 3 3 11 11 11 5 11 7 5 3 3 5 11 5 3 5 5 7 7 5 11 5 3 3 11 5 7 5 3 3 5 3 11 5 7 3 5 3 7
18,104426792052179847299478922118369078856126145889990260044671595096588134765625,5 11 11 11 3 5 3 7 7 5 3 11 3 7 5 5 7 7 3 11 3 5 5 3 7 5 5 7 5 5 3 7 7 11 7 5 3 11 3 11 5 5 11 3 5 5 11 3 3 11 3 5 11 5 3 11 5 11 7 7 3 5 5 7 7 7 3 7 5 3 11 7 11 5 5 3 7 3 3 5 3 7 3 5 3 5 11 11 7 11 11 5 7 3 7 7 11 3 3 5 11 11 3
19,58355349359766200388469524153086407470856117131409025161894261837005615234375,7 7 11 5 11 11 3 5 3 5 7 11 5 7 11 5 11 11 7 3 11 7 11 11 3 5 11 7 7 11 11 7 3 11 5 11 5 11 5 7 7 3 5 3 3 3 5 5 5 5 3 5 5 11 11 11 3 5 3 5 7 11 11 11 5 5 5 3 7 3 7 11 11 5 11 3 11 5 5 11 5 3 7 11 3 7 11 7 7 3 11 11 11 7 3 7
20,68903546620132102499504831725947507363547310315512114258213341236114501953125,7 5 3 3 11 3 5 5 3 7 7 3 11 11 3 11 3 5 7 11 11 11 11 5 7 5 11 5 5 5 11 5 11 7 5 3 11 5 7 3 3 7 11 5 11 5 11 5 3 3 11 5 11 5 11 11 5 3 7 3 5 3 11 5 5 7 11 7 11 3 3 7 11 11 5 3 3 3 7 5 7 11 11 11 7 7 11 11 5 3 11 3 11 5 5 7 3 11
21,62656075231307908379687353271021447313675687533994156026802957057952880859375,7 5 11 11 3 3 5 11 3 3 5 3 5 3 5 7 3 5 11 5 5 11 3 11 7 3 5 7 11 7 3 5 3 11 11 11 7 11 5 7 7 7 3 5 7 3 5 3 5 11 7 11 5 7 11 7 11 5 7 3 3 3 3 11 3 11 5 5 5 5 5 3 5 3 7 3 11 3 7 7 5 3 5 5 7 11 11 3 11 7 11 3 7 11 3 5 5 3 3 7 5 7 7
22,65503167289818539736460346603656661879609110775538850476660883426666259765625,3 3 3 11 5 3 3 7 11 3 11 3 3 5 7 7 5 3 11 3 5 7 7 5 5 11 5 3 11 11 7 3 5 3 11 3 7 11 11 7 3 5 7 3 11 7 5 11 11 3 3 3 3 11 11 5 5 3 7 11 11 11 5 3 5 3 7 7 5 3 11 7 5 7 3 3 3 7 5 7 11 7 11 7 3 7 7 7 7 5 3 11 5 11 5 11 11 3 3 5 3 5 5
23,70196880813817649614981956908991348889632237171456176902739703655242919921875,5 5 11 7 5 3 7 11 11 7 3 3 11 3 7 3 11 5 3 11 5 11 11 3 7 5 5 7 7 3 3 7 5 11 7 7 7 3 3 3 3 3 3 7 7 7 3 5 7 5 5 3 5 7 5 7 5 5 3 11 5 3 11 11 7 5 7 7 7 5 3 11 3 7 5 3 7 5 5 11 5 7 11 5 5 7 7 3 11 5 11 11 11 11 7 5 7 3 11 7 7
24,72661956463795333881296823982887341388362806816983307394797503948211669921875,3 5 7 3 3 3 11 5 3 11 3 5 5 7 11 7 7 7 11 7 5 11 7 3 7 7 3 5 3 5 5 11 7 7 7 3 11 7 7 3 3 5 7 7 5 5 5 11 3 7 7 5 7 11 5 11 11 3 5 7 7 7 7 11 7 7 11 7 5 11 5 7 11 11 11 5 7 7 5 11 5 5 5 7 3 5 3 11 5 11 11 3 5 7 7 11 7 3
25,80718352010087318056589224552745635009394857585769182457522213459014892578125,5 11 3 7 3 5 7 5 3 3 7 5 7 5 5 11 3 3 7 7 11 5 5 11 5 7 7 11 3 11 3 3 11 3 5 5 7 5 7 11 3 7 3 7 7 5 3 3 3 11 11 11 5 11 3 3 11 3 7 11 3 11 3 7 11 3 5 7 7 3 11 7 5 3 3 7 11 5 5 11 7 5 7 11 11 11 5 7 11 5 7 3 7 5 11 5 11 7 11 5
26,94350972264510873490043991576808393493283190055564356507547557353973388671875,11 7 11 3 5 3 5 5 11 7 7 5 7 7 7 3 11 7 5 11 5 5 3 11 5 7 5 7 11 11 5 11 3 5 11 11 7 11 5 5 11 3 11 3 11 3 11 3 5 11 3 7 3 11 7 5 11 7 7 5 11 7 3 3 11 11 11 11 11 11 7 7 5 5 11 11 3 5 7 5 3 11 5 11 7 5 7 5 7 3 11 5 7 7 7
27,113935780820822839890576559759636842832191095275386129970905840396881103515625,3 3 3 7 5 7 5 7 7 5 5 11 11 11 11 5 5 7 3 11 3 11 7 7 5 5 7 3 3 7 3 5 7 7 3 3 5 11 11 3 3 3 3 7 11 11 7 3 7 7 5 5 11 11 11 11 7 5 7 7 5 11 11 5 3 5 11 7 7 7 11 11 5 7 3 11 7 11 3 11 7 11 11 7 5 5 7 5 3 7 5 3 11 5 5 5 11 7
28,114183074443106953242037866258822965038855839283830911620396077632904052734375,11 7 3 7 7 5 11 11 7 3 11 5 11 11 5 7 7 7 11 3 5 5 7 3 5 7 3 11 3 5 3 5 7 7 3 5 5 7 11 7 3 5 3 11 7 11 3 7 11 5 11 7 11 7 7 11 7 11 7 11 11 7 11 7 5 7 5 5 7 7 3 5 5 7 5 3 5 3 5 7 7 11 5 3 5 7 7 5 11 5 3 3 11 7 7 3 5 11
29,72810839573754247741423445344695331374652533248661332647316157817840576171875,3 11 11 3 5 7 7 5 5 11 7 3 3 7 5 7 3 7 7 11 5 11 7 7 5 7 3 3 5 5 5 11 5 5 3 3 7 5 3 3 3 11 3 11 11 3 7 5 5 3 11 5 3 7 5 7 5 5 3 7 5 11 5 7 5 5 7 5 7 3 7 3 5 5 7 11 5 5 11 3 3 3 7 11 11 11 11 7 5 3 3 7 5 3 3 5 7 11 7 3 5 11 5 5
30,80242919830271683920049143886839331069435267798463112916135122740936279296875,3 11 11 3 11 11 7 3 11 3 3 7 7 11 11 7 11 7 3 11 7 3 3 7 7 5 11 7 7 3 11 7 11 7 7 7 11 7 5 7 7 7 3 5 3 3 7 7 7 11 5 7 5 7 11 3 7 3 7 7 11 3 11 5 7 7 5 5 3 7 11 3 5 7 7 11 5 7 11 7 5 5 5 7 11 11 7 7 7 7 7 5 5 5 5 11
31,83890955414867771978692504731689529960633355389593821526147425174713134765625,5 3 11 11 11 11 11 11 11 11 5 7 3 3 5 7 5 5 7 5 11 11 3 3 5 3 5 5 7 11 5 5 5 11 11 5 7 11 5 5 3 3 5 11 7 3 7 5 5 7 7 7 3 5 3 7 5 7 5 11 11 7 7 11 3 3 3 3 11 5 7 3 7 7 3 3 7 3 7 11 3 7 11 5 11 3 5 5 11 11 11 7 5 7 5 11 3 7 11
32,66185630481599498208411559371334700381653252190230109651154577732086181640625,3 7 11 11 7 11 3 3 5 7 3 11 5 3 3 5 7 11 5 3 11 7 7 3 5 7 5 3 7 3 7 7 3 11 3 5 7 5 11 3 5 11 5 7 3 7 3 11 11 3 11 3 5 11 7 11 11 3 3 7 3 5 5 11 5 11 5 7 7 3 7 11 7 11 5 3 7 5 11 3 7 11 7 7 7 5 11 5 5 5 7 5 7 3 5 5 7 7 3 7 5
33,59691225181817729264440439548462031368734895553959334100969135761260986328125,3 3 11 7 7 5 5 11 11 7 11 5 3 5 11 5 3 5 3 5 5 7 7 7 11 11 11 5 3 5 5 3 5 11 11 3 3 3 5 7 7 3 7 11 5 3 3 3 7 3 7 11 3 11 7 3 11 11 7 5 3 5 5 7 7 5 5 3 5 3 5 7 7 5 5 5 7 3 7 5 5 7 11 11 7 7 7 7 11 5 7 7 3 7 11 5 11 11 3 7 5
34,61509131796276231485019699325093210647947718839488730699532636165618896484375,11 11 7 5 5 5 11 11 11 7 5 3 11 11 7 5 11 7 11 3 11 5 5 7 7 11 3 5 5 3 11 11 7 5 11 3 11 5 11 11 11 3 5 5 3 3 7 3 7 11 7 3 3 11 11 5 5 11 11 7 7 3 5 5 11 5 7 7 11 5 11 7 11 3 3 11 7 11 3 5 7 5 7 7 3 3 7 7 11 11 11 7 11 11
35,74289993397713722478829301335171602469202630009441959812520444393157958984375,3 5 5 11 7 3 3 7 7 7 3 11 5 5 3 11 3 3 5 5 7 5 11 7 5 7 7 7 7 3 3 7 11 5 3 3 3 7 11 7 11 3 5 11 11 7 11 3 3 11 5 7 5 5 5 3 5 7 5 7 11 11 7 7 7 5 7 3 5 5 3 5 11 11 3 11 11 11 7 3 3 7 5 11 3 5 11 5 11 7 7 5 11 3 7 3 11 5 3 5 7
36,60406679431548982021985681501654733399758042513277446362756623744964599609375,11 11 3 3 11 5 7 11 7 5 5 5 11 3 11 11 7 3 11 7 7 7 3 3 11 3 3 11 3 11 7 7 5 5 11 5 11 3 11 7 3 7 7 7 7 11 7 3 7 5 5 7 5 3 3 3 5 5 11 5 7 11 3 7 7 7 11 7 11 5 11 11 5 3 5 11 7 3 3 11 3 7 7 5 7 3 5 3 3 5 3 7 3 3 5 7 11 7 11 5
37,86648852079652843001060808590946483820362113316334613119176328182220458984375,3 7 3 5 5 3 3 11 7 5 7 11 7 11 3 11 7 11 5 3 11 7 7 5 7 11 5 7 11 11 3 7 5 11 3 5 5 5 5 5 11 5 11 5 7 5 7 5 11 11 3 11 5 7 3 7 11 11 7 7 11 11 11 11 3 3 11 11 5 5 11 11 5 5 7 7 7 3 3 11 11 7 3 5 11 3 11 5 7 5 7 11 3 3 5 11
38,97094451057063735750032199199679392039843400751556897636391222476959228515625,7 5 5 3 7 11 7 11 7 5 5 3 11 11 3 3 5 5 5 5 11 11 7 3 5 7 3 5 11 11 3 7 7 11 3 3 5 7 7 3 3 7 3 5 5 11 7 5 3 11 5 7 7 3 7 7 5 11 11 7 7 7 5 7 5 7 11 11 5 3 7 5 3 5 7 5 11 5 7 7 5 11 7 7 5 7 11 11 5 11 5 11 5 7 7 3 11 11
39,99269913432319114099504654359437272492860657204064815104193985462188720703125,3 11 5 11 11 3 3 3 7 5 3 7 7 11 3 11 11 5 3 5 3 7 3 5 11 7 11 5 5 5 5 3 5 7 7 5 3 5 3 11 5 5 3 5 3 7 3 11 11 7 11 11 11 5 7 11 5 7 11 11 5 5 5 5 7 7 3 5 11 7 3 5 11 3 3 11 3 7 3 7 5 11 7 7 3 7 3 3 5 7 11 7 7 5 11 5 5 5 11 7 7
40,63810888348554879376578122091411263438470256449756492977030575275421142578125,3 5 5 5 5 3 3 7 11 3 11 3 11 11 11 7 5 3 11 11 5 7 3 3 3 11 11 3 3 11 5 5 11 3 3 7 5 3 7 7 11 5 11 3 5 5 3 11 5 5 5 5 7 5 11 7 3 7 3 3 5 5 5 3 5 7 5 5 11 3 7 7 11 11 5 7 11 11 11 3 11 7 11 3 3 5 5 5 7 5 7 7 7 5 11 5 11 5 5 5 11
41,69633777660156505400887103226316829750884299385567350662313401699066162109375,3 11 7 5 5 5 7 7 11 7 3 3 7 5 5 7 5 7 5 3 3 3 3 5 7 5 3 11 11 3 7 3 5 7 11 11 11 11 7 7 7 7 3 11 11 11 5 7 7 5 5 5 11 11 3 7 7 5 7 5 11 5 3 3 7 3 11 5 3 5 3 5 3 5 5 11 3 3 11 5 5 5 11 5 5 5 5 7 7 5 5 11 7 11 5 11 5 11 11 7
42,65645339620525216590383709907078906909149960335615986307063519954681396484375,7 3 11 5 7 11 5 5 7 7 7 7 11 3 3 7 3 7 3 5 7 11 5 5 7 7 3 7 3 3 3 5 3 11 11 3 3 5 11 5 3 3 7 5 3 11 5 3 5 5 11 11 11 5 3 5 7 11 3 3 11 7 11 7 3 11 11 5 7 11 7 5 3 7 3 11 3 7 5 5 5 3 11 3 5 3 3 7 7 7 5 5 3 11 3 11 3 11 7 5 7 7 7
43,88975255743041576341037505018458592382489922382902537982277572154998779296875,5 5 5 3 7 11 5 7 7 7 5 5 11 3 3 5 5 3 11 11 5 7 5 3 5 11 3 5 11 5 7 5 7 11 3 5 11 3 11 5 11 5 7 11 7 3 7 5 7 11 11 3 7 7 11 3 11 3 3 3 11 7 11 3 11 7 11 5 3 11 5 5 7 3 3 3 7 3 11 7 7 5 7 11 5 7 7 5 7 5 11 3 5 5 11 11 7 11 5
44,64315504314540866594096480907578168281499325709564440835950080394744873046875,5 11 7 3 3 7 7 5 7 7 11 5 5 11 11 5 3 3 3 5 11 11 7 11 11 11 7 3 5 3 5 7 11 11 7 3 11 11 3 3 5 7 11 11 7 3 7 11 5 11 11 5 3 3 11 11 3 11 7 7 11 11 11 5 3 3 3 3 5 3 5 5 11 11 3 7 11 3 7 3 3 7 11 7 3 5 7 5 7 7 11 5 7 5 5 7 5 11
45,65654704651004705092264983041955868050833767992106359195895493030548095703125,3 3 11 5 5 3 5 11 3 11 3 11 11 7 5 7 11 11 3 7 5 7 7 7 3 5 3 5 11 5 7 11 5 7 3 5 5 5 7 5 11 7 3 5 5 3 11 3 5 11 7 3 11 5 11 11 7 7 11 5 3 5 5 11 3 7 5 5 5 7 5 11 5 11 5 7 7 7 11 5 11 7 11 5 5 3 5 3 11 7 3 3 7 3 7 11 3 5 5 7
46,89516372209807113532341422600562145785204491366749072236904799938201904296875,3 5 11 3 3 7 5 11 3 5 7 5 7 3 7 3 7 7 5 11 3 7 3 11 11 3 3 11 5 5 7 7 5 3 3 3 7 11 3 7 11 3 3 5 3 3 7 7 3 7 3 7 11 5 11 11 5 3 11 7 11 5 7 3 11 7 7 3 5 7 5 3 3 11 3 3 11 5 11 3 5 3 5 5 11 3 7 3 11 7 7 5 7 7 11 7 5 5 5 7 11 5 5 5
47,67551798045266977562638357513691599285605334474645336945541203022003173828125,11 3 11 11 5 5 7 3 3 5 7 5 7 5 11 3 11 11 3 5 5 7 7 7 7 7 5 7 11 7 7 5 11 3 11 7 5 3 7 5 7 11 7 11 7 5 7 5 11 5 3 7 3 5 7 5 3 3 7 5 5 3 5 11 7 7 7 5 11 11 3 5 3 11 7 3 3 5 7 7 5 5 3 5 5 11 11 11 11 5 5 3 11 7 11 5 5 7 5
48,111405666959553655287078182474074050626179859978144502581798136234283447265625,5 7 3 11 3 11 3 5 11 5 11 3 11 11 3 7 11 11 5 3 7 11 11 7 3 5 11 11 7 3 11 7 5 3 3 11 11 7 3 11 5 3 5 3 3 3 3 11 5 11 11 11 11 7 7 7 5 11 11 7 5 3 11 11 7 3 11 7 5 5 5 5 11 11 7 3 7 5 11 5 7 5 5 5 5 7 11 3 5 7 7 5 5 11 7 5 7
49,110054779487712400554991195807993267075068599742438080493315310759735107421875,3 11 7 3 3 7 5 7 7 7 5 3 7 5 7 3 5 3 11 3 5 3 7 7 11 3 11 7 3 11 7 5 11 11 7 3 11 5 3 7 3 7 3 3 7 7 7 3 11 11 5 5 5 3 7 3 3 5 3 3 11 3 3 11 7 3 7 11 11 5 7 11 3 5 11 3 3 7 7 11 11 5 7 3 3 11 3 11 3 3 5 3 3 11 5 7 7 7 7 5 11 3 11 7
50,86131025769872589966027419709486340999145848784152016414127309322357177734375,7 11 7 3 3 11 7 3 11 7 3 7 5 3 5 3 3 7 3 5 5 7 7 3 11 7 5 3 11 5 7 7 3 5 3 7 5 11 7 11 3 3 11 11 7 3 7 3 7 7 11 3 5 3 7 3 5 3 7 11 11 7 5 3 7 7 11 3 11 5 5 7 11 3 11 5 3 5 5 11 5 11 3 5 3 7 3 7 7 3 3 11 7 5 5 3 3 7 3 7 11 3 3 5 5
51,62769814828133793915456466716219088023211440680165855097341238956451416015625,7 3 7 7 7 3 3 11 3 7 7 7 7 7 5 11 11 11 11 11 11 5 7 11 3 11 7 5 5 5 7 11 11 5 5 7 3 5 7 11 5 3 7 11 11 5 3 5 3 7 11 5 7 7 3 5 7 11 3 3 3 11 7 7 11 7 11 3 3 11 3 5 11 11 11 11 11 11 5 7 7 11 5 11 3 11 11 3 7 3 5 5 11 11 5
52,60265171114828340979466660925942525555803624173678910609865288131805419921875,7 3 7 7 7 7 3 11 11 3 7 5 11 7 11 5 3 3 11 5 11 5 3 11 11 11 7 11 7 11 3 7 5 5 7 3 5 3 11 7 5 7 3 5 11 3 7 5 5 11 11 7 3 7 3 3 5 7 7 7 3 5 3 11 11 7 11 11 7 11 11 3 11 3 3 3 3 3 11 11 11 3 11 3 11 5 11 11 11 7 11 5 11 11 11 7
53,90618290623792429474754436548997960990853267094619647146202623844146728515625,11 11 7 3 11 5 3 5 7 7 11 11 3 11 11 7 11 11 11 5 7 3 3 11 11 5 3 3 5 5 3 7 7 7 5 3 5 3 7 5 7 11 3 7 3 11 7 5 11 11 5 3 11 3 11 3 7 5 7 3 3 5 3 5 3 11 7 7 7 5 5 5 3 3 5 7 3 7 5 5 3 7 11 7 5 5 3 3 5 5 3 5 7 7 5 3 3 5 3 5 11 5 5 7
54,68754317781138063793550052415254076693705391942483933086142241954803466796875,11 11 11 5 3 5 11 5 5 5 11 11 5 3 7 7 7 3 11 3 11 3 5 3 5 5 7 3 5 3 11 5 5 3 5 11 11 11 5 11 7 5 11 11 11 11 11 3 11 3 3 7 3 3 5 11 3 5 11 3 11 11 5 11 7 3 3 11 3 7 5 11 3 11 5 3 7 7 5 3 7 11 11 11 5 7 5 5 3 11 7 3 5 11 11 11 3 11
55,70032438031388943624682834766029561017632599105970168910256754207611083984375,11 7 7 11 11 7 11 5 7 11 3 11 11 5 3 11 5 7 7 7 11 7 7 3 7 7 5 5 7 11 3 3 11 7 3 5 3 7 3 11 11 11 7 3 3 5 11 3 7 7 5 3 11 7 5 11 11 3 3 3 5 5 3 5 11 11 3 11 11 3 5 7 5 11 3 11 11 11 5 7 5 7 11 5 11 5 3 11 3 7 7 5 11 7 3 5 7
56,99453557016102244000997226024324353069361641193859987691642505333709716796875,7 7 11 5 5 3 3 11 5 5 5 3 11 7 3 7 3 7 7 3 11 3 3 5 7 3 7 5 11 7 7 7 7 3 5 3 3 7 7 7 3 11 11 11 5 11 7 3 3 11 7 5 7 3 11 11 3 11 3 3 3 11 11 7 7 3 11 11 7 5 11 11 7 11 7 7 5 5 11 3 3 11 7 7 5 3 5 11 5 7 5 7 7 11 3 3 7 7 3 11
57,68341068688539187377059894324103037915681617986405892917329967021942138671875,5 5 3 7 11 3 11 11 7 3 5 11 11 3 5 5 3 5 3 3 5 7 5 3 5 11 5 3 3 7 7 11 11 11 5 3 5 7 5 5 11 11 5 11 3 5 3 3 7 5 11 3 3 11 11 3 11 11 11 3 3 11 5 7 3 11 3 7 11 7 3 11 3 7 3 11 7 7 3 5 3 5 11 5 7 5 11 11 5 11 11 5 5 11 11 7 11 3 3 11
58,72347559949781966554424416080609050638050205687985711684149539470672607421875,5 7 7 3 11 7 3 7 5 3 5 7 11 5 5 5 5 7 5 5 7 7 11 3 3 11 7 7 11 7 7 7 11 5 11 11 5 3 3 5 11 5 7 3 11 5 3 11 5 11 5 3 5 7 11 7 11 11 5 5 5 3 3 11 11 11 3 11 11 11 3 3 7 11 11 11 11 5 7 7 7 3 11 3 7 7 11 7 5 3 5 7 3 3 7 3 11 3
59,71490678397760678878244092645685278544241214035849146679975092411041259765625,11 5 5 7 3 5 5 3 3 5 5 7 3 3 7 11 5 5 7 5 5 5 11 11 11 11 7 3 11 11 3 7 5 7 3 3 7 7 11 11 3 7 5 11 7 5 7 5 3 11 11 7 5 11 7 7 11 5 3 3 5 5 3 3 5 5 5 11 7 5 7 5 7 7 3 7 7 3 11 11 5 11 5 5 3 7 11 11 5 5 3 11 7 5 11 7 5 7 11
60,99683636418585435370033057845004175827572558104931748240028321743011474609375,5 3 5 3 11 11 5 5 7 7 7 5 5 3 11 11 5 5 11 7 7 3 7 7 11 11 3 5 3 5 11 7 5 5 11 7 7 7 5 11 5 7 5 5 3 5 7 11 7 11 7 11 11 7 5 7 7 7 7 5 7 3 3 7 7 11 11 11 11 3 3 5 3 11 5 5 11 7 7 11 11 5 3 5 7 5 3 11 7 7 3 7 3 11 7 5 7
61,113689022778228804585524082412385651002650323223977546932234990596771240234375,11 3 5 3 5 3 11 3 11 11 11 7 5 5 11 11 5 11 7 5 5 11 11 3 7 3 5 5 5 11 3 3 5 7 3 7 3 5 3 7 7 7 7 11 3 11 7 5 7 7 7 7 7 5 5 11 3 7 11 7 7 3 7 11 11 7 5 11 3 11 5 7 3 11 7 3 3 11 11 11 3 7 11 11 7 3 5 11 11 5 11 3 5 5 5 5 3 11
62,84046148818052118581160195452936961228774821859700091185762650539154052734375,7 11 3 7 5 11 5 7 5 7 7 7 7 5 7 11 7 3 11 3 7 5 7 11 7 11 7 3 3 11 3 11 7 3 7 7 7 5 5 7 7 3 11 11 3 11 5 11 7 11 7 11 11 3 11 11 7 5 3 3 3 5 7 11 3 5 11 7 3 5 3 3 11 7 11 3 7 11 11 3 11 5 3 3 7 7 11 11 5 11 7 7 3 5 3 3 11 3
63,73386627077997523613486737030935915783177126028527145581200195789337158203125,5 11 11 5 3 11 3 11 5 7 7 11 3 11 5 7 3 7 5 3 3 3 11 11 3 11 5 7 7 7 7 7 7 7 3 3 11 7 3 7 5 3 3 5 7 5 11 7 5 11 7 5 3 3 3 5 7 11 11 3 3 7 11 3 7 7 5 5 3 11 11 7 3 11 7 5 3 7 5 11 7 5 11 7 3 7 5 5 3 5 7 7 3 7 11 11 3 7 3 11 5
64,61272131019198060563376727692960257700867211236985429895464918613433837890625,11 7 11 7 7 3 3 7 7 5 5 3 7 11 3 3 5 11 11 3 7 3 7 11 7 7 11 7 11 5 3 7 11 11 3 5 3 7 5 3 11 3 5 5 5 5 7 7 7 11 11 3 5 5 5 7 11 7 11 7 3 3 5 5 7 5 11 11 5 11 3 7 7 3 11 7 7 11 11 11 11 11 11 11 5 5 5 3 7 11 7 7 7 5 11 5
65,98655763567884499846942385564466887233704825938162334114749372005462646484375,7 7 3 3 11 11 7 7 11 3 7 3 5 7 5 3 7 11 5 3 5 5 11 11 3 3 7 11 5 5 11 7 5 7 7 3 11 11 3 3 11 5 3 5 7 3 11 5 3 11 11 5 7 7 3 7 11 3 7 5 5 7 11 7 11 7 11 11 5 3 5 7 7 5 11 3 11 3 5 5 5 11 3 11 11 7 7 11 3 3 7 11 5 3 5 5 5 7 11
66,65633706386442200058173830268328530738839146600140637639860462207794189453125,3 7 11 5 3 3 7 7 3 11 3 3 11 5 7 7 5 7 3 7 11 7 11 11 3 7 3 7 5 3 7 11 3 7 3 11 5 7 5 11 7 11 11 5 3 7 3 11 11 7 11 7 7 7 3 11 11 5 5 11 11 3 5 11 5 7 3 7 5 3 11 3 5 5 3 11 5 3 11 11 3 3 5 3 11 3 11 5 5 7 11 7 11 11 5 7 3 7 7
67,67656569473737794728854739656023787413005784187983372827428006649017333984375,11 11 3 7 11 7 7 7 11 5 11 5 7 5 3 3 3 3 7 7 7 5 5 11 7 3 5 7 7 3 11 11 11 7 11 5 5 11 5 11 3 5 7 11 3 11 7 11 3 3 11 11 11 11 3 3 3 3 3 11 5 7 3 3 11 5 5 7 3 11 7 3 7 5 3 5 3 7 11 3 7 3 5 7 11 5 7 3 5 3 11 5 5 5 3 11 11 3 11 11
68,68650220169539719299056391324998455296100959920166399353183805942535400390625,11 5 5 11 3 3 5 5 3 7 7 3 7 7 3 5 11 11 3 3 7 11 3 3 7 7 11 7 5 5 3 5 5 5 11 5 7 11 7 11 5 7 5 3 5 7 5 3 5 5 5 3 7 11 7 7 3 5 3 5 3 7 7 3 7 5 11 11 11 3 5 11 7 7 5 7 11 3 3 5 7 11 3 5 3 11 5 7 7 3 11 11 11 3 5 3 5 5 3 3 3 5 5 5
69,73854006609256899667607533724881486099422741772571432520635426044464111328125,3 5 7 7 5 3 3 7 5 5 11 11 5 3 3 3 3 11 7 3 11 5 11 7 7 5 11 7 7 3 5 5 5 7 7 11 7 5 5 5 7 11 11 5 11 3 3 5 7 7 3 5 11 5 7 7 7 5 5 7 5 3 3 11 3 11 11 7 3 5 11 7 11 11 7 7 5 5 11 5 3 5 5 5 11 5 5 11 5 5 7 5 11 11 3 7 5 5 7 3
70,75354352394724100456730528941558758486898872536631038340546190738677978515625,3 7 7 11 7 7 5 7 5 11 3 5 5 11 7 11 7 7 5 3 11 3 11 5 7 7 11 5 11 11 11 7 7 11 7 11 11 11 3 5 11 11 5 5 11 5 11 7 11 7 5 5 11 3 3 5 3 5 5 3 3 7 5 5 7 7 7 11 5 11 11 7 11 3 3 3 11 5 7 5 3 3 7 5 7 5 5 7 7 5 7 5 3 5 7 11 3
71,66855247821765933985380685589008775352334728321104875478334724903106689453125,11 3 3 3 3 5 11 11 5 11 11 3 7 5 5 3 7 5 7 5 11 11 11 7 3 5 5 11 11 11 7 7 3 7 11 11 11 5 5 3 5 11 5 5 3 5 3 7 5 11 3 3 7 5 11 11 11 3 5 7 7 7 3 3 7 7 11 11 7 3 3 5 11 5 7 3 3 7 5 5 5 5 7 3 5 11 11 5 5 5 7 3 3 7 7 5 7 3 3 5 11
72,60782721870856682028133064728776765656620333644088876210243999958038330078125,3 3 11 7 7 11 3 5 3 3 7 3 11 11 5 7 3 3 3 11 5 7 7 5 3 3 3 3 5 5 3 7 3 7 11 3 3 5 5 3 3 7 7 7 7 11 5 7 11 3 11 5 11 7 5 11 7 11 3 5 3 3 5 7 5 7 5 5 5 11 11 7 3 7 5 11 11 11 5 3 11 7 7 7 7 5 7 11 11 11 5 5 7 3 5 5 7 11 5 5 3 7
73,77979961059307785400548031671019835570963227113736726757929623126983642578125,3 3 11 7 7 7 11 5 7 11 5 7 3 5 5 5 7 3 3 11 11 7 7 3 3 3 3 5 3 3 5 7 5 3 3 7 5 11 3 3 7 7 11 11 7 3 7 5 3 11 7 5 7 5 5 11 5 5 11 5 11 7 3 5 11 3 3 11 11 3 7 5 11 3 7 11 11 3 3 11 5 11 11 5 3 3 5 11 5 5 11 11 5 7 3 3 7 3 3 7 3 5 11
74,61768939921401123236527622184486103008439208243364285201765596866607666015625,3 7 3 7 11 5 11 3 5 5 3 7 11 7 7 5 5 11 3 11 11 3 11 11 5 3 11 5 5 3 3 3 5 5 5 11 11 11 11 5 3 3 7 3 11 5 5 5 3 11 5 3 5 11 7 5 5 3 3 7 5 3 5 11 3 3 5 11 11 7 3 7 11 11 11 5 5 11 5 5 3 7 3 7 7 11 5 5 11 7 7 5 7 11 3 11 11 7 7 5
75,63820831149755066168060199837263762026100322111290612693247878551483154296875,7 7 3 7 3 11 5 5 7 5 5 11 11 7 5 5 5 7 7 7 11 7 7 11 3 11 3 7 7 7 7 3 11 3 5 11 7 7 3 7 5 7 5 5 3 11 5 5 5 7 7 3 7 3 3 11 7 7 7 5 3 11 7 7 3 3 11 3 11 7 7 3 5 5 3 7 11 7 3 5 3 5 5 5 3 11 3 5 3 3 3 3 7 11 7 7 5 11 7 7 11 3
76,58492373234531464536745166710106136990742811483876574556343257427215576171875,7 7 3 3 7 3 5 11 5 3 7 5 7 11 3 11 5 5 5 3 11 5 7 5 7 11 7 11 7 3 3 11 11 7 11 3 3 7 7 3 7 5 5 5 5 11 3 11 7 7 11 7 5 7 5 3 11 11 3 3 7 3 3 3 5 11 11 5 5 11 5 5 5 5 7 7 3 11 5 11 5 7 7 5 11 5 3 11 5 7 5 11 5 5 7 11 7 3 5 5
77,85780983426877284788727418770144360781214095731779601853650886058807373046875,7 5 11 11 7 11 11 5 7 5 7 3 7 11 11 5 11 7 7 5 11 3 11 11 7 3 11 3 5 3 3 5 11 11 7 11 7 3 7 7 11 5 11 5 7 3 11 7 3 11 7 5 11 7 11 5 5 7 11 11 5 11 7 5 7 7 3 7 3 11 5 3 11 7 5 11 7 11 3 7 3 7 3 3 5 5 11 5 7 7 3 7 7 3 5 5
78,61017829611956885577971446298722751995856587471124975493712127208709716796875,3 3 11 3 5 5 7 11 7 3 7 11 11 5 7 3 11 5 5 5 3 11 11 11 11 3 5 11 7 5 3 11 5 7 5 5 11 3 11 3 3 11 7 3 11 3 5 7 7 11 7 7 3 5 5 3 7 3 5 7 7 11 11 3 3 11 11 5 7 5 7 3 11 5 3 5 11 5 3 5 7 11 7 3 7 11 5 11 3 5 5 5 3 7 3 11 11 3 7 11
79,96468300917732758520968874089021629313606144960339034338355119228363037109375,3 3 3 3 5 3 7 5 11 3 11 5 3 3 11 5 7 3 11 3 3 5 7 5 3 3 7 5 3 11 11 11 7 3 11 11 11 11 3 11 5 3 11 7 7 11 5 11 3 5 3 11 7 7 11 3 3 7 5 3 3 3 5 3 5 3 5 5 11 5 7 5 3 3 7 3 7 7 3 7 3 11 7 7 5 5 11 5 3 7 5 7 3 11 7 3 11 3 11 5 7 7 3 7 11
80,65250777098388325731838954325368440150868067260721224556157052516937255859375,11 3 5 3 11 7 5 3 3 3 7 5 7 5 7 5 3 3 7 7 11 11 3 3 7 7 3 7 5 3 3 7 3 3 7 3 7 7 11 3 3 5 3 7 3 7 5 11 3 7 3 5 3 7 7 11 3 11 7 7 7 5 11 3 5 3 3 7 7 3 5 5 11 7 7 11 5 11 3 7 11 5 3 5 5 7 3 11 5 5 7 7 5 11 3 11 11 11 3 5 11 3 5 5 5
81,93405959731488598992169855994157192850655348685715566462864298152923583984375,5 5 11 11 3 3 5 7 7 11 5 7 11 7 11 5 7 7 7 11 7 7 5 3 11 7 11 7 7 3 7 11 5 7 5 11 11 7 5 7 5 11 5 11 3 11 7 3 5 11 11 3 3 5 11 3 7 11 7 7 7 7 5 7 11 5 7 5 3 11 5 7 11 3 7 11 11 7 7 11 7 7 3 7 11 5 3 5 5 3 11 11 3 11 3
82,110070480013755433713530760753744047740083896707867066987530291080474853515625,7 7 5 11 11 5 5 3 3 7 5 11 7 11 5 7 3 5 7 7 5 11 5 3 7 11 3 5 3 7 11 5 3 5 7 11 11 5 3 5 7 3 3 5 3 5 11 11 7 7 5 11 5 3 11 7 11 3 3 11 7 11 11 3 7 7 7 3 3 3 7 3 5 11 5 7 3 5 7 7 11 3 5 11 5 11 11 11 7 5 7 3 3 5 3 7 5 11 3 11 3
83,78149213833958591179028226079855841558511857542399983698885142803192138671875,11 7 11 7 5 3 11 11 7 7 7 11 11 3 7 3 5 5 5 11 3 5 3 11 3 11 11 7 7 5 7 5 7 5 3 11 3 11 5 3 7 3 7 5 5 11 3 5 3 7 5 3 5 5 5 11 3 7 3 3 3 7 3 7 5 3 5 5 7 7 11 5 3 7 11 3 3 7 7 5 11 7 3 5 5 7 7 3 11 7 11 11 5 5 7 3 11 3 3 3 5 11 3
84,107677409212279765562675804174197849223390296187119730410538613796234130859375,7 5 7 11 7 5 3 3 7 7 5 5 11 3 3 11 7 3 5 5 3 11 5 7 7 5 11 11 7 7 3 3 11 7 3 11 3 3 5 3 7 7 5 11 7 7 5 5 11 5 7 5 7 5 5 5 7 3 5 7 3 5 5 5 7 5 7 11 5 3 5 7 11 3 5 5 7 7 11 7 5 3 7 3 7 7 3 3 5 7 7 3 7 3 11 11 11 3 7 11 11 5
85,84742632362937783318723711566928822062466746219446641453690826892852783203125,11 7 7 11 11 5 3 3 5 7 5 7 7 3 11 5 3 3 3 7 3 3 11 5 7 5 11 5 5 11 7 5 7 3 3 5 11 11 11 3 3 3 5 7 7 5 5 5 11 3 11 3 5 7 5 11 3 11 5 3 5 3 5 5 11 11 7 5 7 7 3 3 3 3 11 5 3 5 3 7 3 5 7 5 11 3 7 3 5 3 11 11 11 7 11 5 3 3 3 3 3 3 5 3 7 7
86,59432950920737226212309850290963719476483689095251599506862461566925048828125,11 5 5 11 5 5 5 3 5 3 3 11 7 5 3 11 7 7 5 5 5 11 11 3 3 11 3 11 11 5 7 5 5 11 7 11 7 7 11 3 5 5 11 3 11 3 3 7 11 7 11 5 5 11 11 11 11 5 3 3 3 7 5 11 5 11 3 7 5 7 3 3 3 3 5 7 3 3 3 5 7 5 11 7 11 3 3 7 11 5 11 11 3 7 7 7 3 3 7 5 5
87,97456109482899024328803566156002969884942975254754280131914019641876220703125,3 3 7 11 11 5 3 5 5 7 3 7 3 5 11 7 7 7 11 11 11 5 7 3 5 7 7 3 3 3 11 11 11 7 5 11 5 5 7 5 11 11 11 11 11 3 11 5 3 3 7 7 7 11 7 5 7 3 7 3 7 7 11 5 3 3 11 3 3 3 3 3 5 7 11 7 5 3 11 7 11 7 3 7 11 3 5 7 7 3 11 11 5 5 11 7 5 11 7
88,65380813214943248310197274809379270425012348643596911517796538066864013671875,7 11 7 3 5 5 3 5 11 3 5 7 3 7 11 7 3 3 11 5 3 3 3 5 3 11 5 3 5 7 5 11 5 11 5 7 7 11 3 5 3 3 7 7 7 7 3 7 7 5 7 11 5 7 7 7 7 5 7 3 3 5 7 3 3 7 3 11 11 7 11 3 3 5 11 5 7 7 7 11 7 11 3 3 7 3 7 11 11 3 7 11 5 11 7 11 11 3 11 7 5
89,87528527719631187694492688610328386865366887576643264728288352489471435546875,3 7 11 3 7 5 7 11 5 7 7 11 3 11 3 3 7 11 7 3 11 5 3 5 3 5 11 5 3 3 3 5 11 5 11 5 7 11 5 11 3 5 3 3 11 3 5 3 3 7 11 3 3 5 3 11 7 11 5 5 5 5 3 11 3 3 7 5 7 11 7 11 11 3 3 3 5 11 3 11 7 3 5 7 3 5 11 11 5 5 7 7 11 11 5 7 5 3 7 3 5 7 11
90,104005990756799211470361021869240243456883682013218743737528622150421142578125,11 5 5 7 7 7 7 7 3 7 5 3 7 11 3 3 11 7 11 7 3 5 5 11 11 3 3 7 11 7 7 3 5 11 7 11 3 3 7 5 3 5 11 3 5 7 7 11 7 5 5 7 5 5 5 11 5 3 5 5 3 3 11 3 3 3 3 3 5 7 3 7 7 7 11 7 7 5 3 11 11 11 11 7 5 11 11 11 5 5 7 7 5 11 5 3 5 7 3 3 11
91,96093276202484902448320505419935279773089116173534741020859777927398681640625,7 11 7 3 5 5 3 7 3 5 7 7 11 5 7 5 5 5 11 11 7 3 3 11 11 3 3 11 7 11 3 7 3 3 5 3 3 5 11 7 5 5 7 5 11 5 11 11 5 11 11 7 5 7 7 7 3 7 11 5 11 7 7 5 7 11 11 3 7 5 7 5 7 11 7 11 11 3 5 3 3 5 3 3 5 7 3 3 11 5 5 11 5 11 3 3 11 3 5 11
92,81206444841592003275374344580275465001893088017126819237310707569122314453125,5 5 3 7 7 3 11 3 3 11 3 5 5 11 7 7 7 7 11 3 7 7 5 11 11 3 5 7 11 3 5 11 3 5 11 7 11 5 11 5 7 11 11 5 11 5 3 5 3 11 11 3 11 11 3 3 3 7 7 7 3 3 5 5 5 5 5 3 5 7 7 7 3 7 11 7 7 11 7 5 11 11 7 11 7 11 11 11 5 3 11 3 11 11 5 3 5 5
93,87014847748029380968061075579197177416095804249667944968678057193756103515625,5 11 3 5 11 5 11 5 5 5 11 7 5 5 11 5 11 3 11 3 11 5 3 5 5 5 11 3 3 7 5 11 11 7 7 7 5 3 5 11 7 11 5 3 11 7 3 7 7 11 7 5 3 5 5 11 7 5 5 5 11 3 7 11 7 7 3 5 3 5 7 3 11 5 7 5 5 7 11 3 5 3 7 11 3 11 11 3 3 3 5 3 3 5 3 11 5 5 3 3 5 11
94,77676810569322011091381948825638453667253106842216501413099467754364013671875,3 3 5 7 7 7 11 5 5 5 11 11 11 5 5 7 5 7 11 3 3 3 7 11 11 5 7 7 5 11 3 11 11 11 11 11 5 5 7 3 3 5 11 3 3 5 3 7 5 5 5 7 11 5 5 7 11 11 3 5 7 5 5 7 7 3 11 11 7 5 7 11 7 3 7 7 7 11 3 5 11 5 5 5 5 11 11 11 5 11 3 3 11 7 3 3 7 5
95,98062791284982113672054677762426515259347471612463386952526986598968505859375,11 3 3 7 11 11 3 5 11 7 5 3 5 5 5 5 7 3 5 11 5 7 7 5 3 5 3 5 7 7 5 3 7 3 11 3 11 11 7 11 3 7 5 5 5 3 11 11 11 7 5 5 3 11 7 11 7 3 3 11 11 7 7 11 3 11 11 7 11 7 7 11 3 3 7 5 5 3 11 3 7 3 5 5 7 3 3 5 11 11 7 7 5 3 5 7 3 7 3 7 7
96,77522318902789812135181685516012030788885352876976896426640450954437255859375,5 5 5 5 3 7 11 11 3 5 3 5 11 3 3 5 3 7 3 3 5 5 3 5 11 7 7 3 5 7 5 7 3 5 3 7 3 11 11 7 5 5 3 5 11 11 7 7 3 11 5 5 11 3 11 5 5 5 7 11 3 11 7 11 3 5 11 5 11 11 7 11 5 11 5 11 5 5 11 7 3 3 7 5 5 3 7 3 5 5 5 7 5 3 11 11 7 7 7 3 3 11
97,61150266674308574285294867085413359855602164837703926104183495044708251953125,5 5 3 5 7 5 3 7 3 7 3 7 11 5 11 11 5 5 11 11 11 7 3 11 3 7 3 5 5 7 11 11 5 11 5 5 3 11 7 5 11 11 3 3 3 11 11 7 7 7 5 5 3 3 3 7 7 5 11 7 5 11 7 7 7 11 5 3 7 5 3 3 3 7 7 3 7 7 11 11 11 5 5 5 5 3 11 7 5 11 11 11 3 5 3 5 3 7 3 7
98,93220184307945959910471730712430144135429077952588651794377505779266357421875,5 11 5 7 7 11 7 11 5 5 7 7 11 5 5 11 3 5 7 7 3 11 11 11 3 7 5 7 7 11 11 5 11 7 3 3 5 11 5 11 11 5 5 3 3 7 5 7 11 3 7 11 5 3 5 11 11 11 3 3 11 5 7 3 3 11 7 3 5 3 5 5 3 7 7 11 5 3 7 5 11 7 3 7 7 5 7 3 7 3 3 7 7 3 11 7 5 7 11
99,84401150940675278473350484166244308883192806145791982394795954227447509765625,3 3 11 3 7 3 11 3 5 3 11 5 3 7 5 7 7 11 11 11 11 7 5 3 3 5 7 11 7 3 5 5 11 3 3 3 11 5 5 5 7 3 7 7 3 5 11 7 3 11 11 7 3 5 7 7 11 7 7 7 5 3 5 7 3 3 3 11 3 7 7 5 11 11 5 3 7 5 5 5 7 3 5 3 5 7 11 7 5 3 3 3 5 11 11 7 3 3 5 7 11 3 3 11
