0x01a59960c4f9e3125395d17b93e26816655e1e7b7771110c50d544109926a629fc360174d76d78cb8c08aa123952f361184797ee58a8a208d07d045a398f2714ea1b,0x00a2d8be9aa6dfdf4d6a80ff68ac66e225118ede8f55c2095ccc48bf0927ed9d1c3f2438ef4dbb03cb9d632c729214329218016c150adf3c08a5240ee06a77f683d7,0x0049bd5bd402b374965ad8bc91b9a5d2176c1a3e35595a0d813faa24f283508cea6378c6051c04bf1f6e1557432d5629eb46cc51c6eef20d94f31e35339273a0022f,0x0107d017a4ecb0171cd16a3a3f9227fff7e28d3974e8d0136292ecbf0be0b8549323308040836d1bee83dd88e77c8e025da9cd9384e9814e30b8c91da3d0d152f3ad,0x00bf3573075a84452ccb3db9284eacd6db7adc02806932a5649375098d76227d582facfb2248c8c61e714c96d885dd6dc89da12678957a35e0b55d15c1fd0beb706b,0x1a59960c4f9e3125395d17b93e26816655e1e7b7771110c50d544109926a629fc0e34f0a6144398495ce9e3a0047d0165ead8bc84eca967939ab1a4df59975bb067,0x1
0x01a42d764bdf264169cf01ed8d15d5a5d0107b068cdaeea3522f344719d96029bdeb9a49f9ca2cf9ed61b0b36ba66bab96a46e29c147ba4f8901976ce4376034cbbf,0x00e5d2ffe96b4217acc9cf544ee5dfa65a64443ec7ce06905cd060afbf93bad01874500b8cfefe538007b8eaf5faf95cdc1eba691a1ea247340b861b465226e697e1,0x005a2123aa86d8e3c0bf09870c61a41aecf6a98a2a70370818684ddd5ea0bcbede4041b309e3fb204acadbe74e7bf2c68fc9aac94d901d11ebe2114ff07f5dbbd629,0x00d220eb6a352d435fa36dede77f439c9e2b168cf6337dfb2b487c0bb0f4191ac2a11716700e43975760f95a664cd22e464243059f9c6f02e487822bbc04ac059752,0x0101c157d8216514a87c7ea0b7a81f256e45e793ba2ae9a29ba48bb3b8e71c964ab733fd79af64eecaf3ba13eb3f9824bceee2c98d9ae9d3248c6e24ee46bf964104,0x1a42d764bdf264169cf01ed8d15d5a5d0107b068cdaeea3522f344719d96029bdeb12adc27cdb993cace88919e96eec2dc8c6f1b1f2c558a9d65e8144c277f47eb9,0x1
0x012781da8584f7fbc3c30345c06ec117997964c59c8e9ea5468eb6edcf8ee4796e3606c99685b22dc41f3253932d41737e9f7fff8859dc3978c05fca6867430896e5,0x00c6496245a0e1187330bb76d871fbdffef89605f1fb6e20f504ed49c531e79251231a6299d52efe8fe88b3dd6e1a5b25dc48d4fd1e9d5ad1465ba0c3814bdc7bf29,0x0019ba44b716584cc4baa643c5b0a7b1846f6ff727890ffa824f9810c8057f92a105b0cc8299c5de731f747f0cf3d494117d818b1bd488e8ce768c9a8bca1b0f3e4b,0x00610ded0214e6824513a9053fb3ae70421a11b6327cf99b5b0d8a5a9942dd187945eeff6c6c732696261f5119b9a3c855e2683ad68f8cd370a4464efda800481ca1,0x00e84cef6ddcc7531216c20d68e918f549c51344217a10f0de3c71f7052d8fff70838f6f16413435b55bb7fd148e3a6628f5a4a19188959333530b73e4f0b6c4fb8e,0x12781da8584f7fbc3c30345c06ec117997964c59c8e9ea5468eb6edcf8ee4796e3e9a2d878abcbfe6a54c1b4e70bf4c7eb3fb37302e7ecf91cc5363250f4172c4e3,0x1
0x013791e4359a3b687077f380edbd33094a097326dbf5a65d52fac9c7620f5d7c05ca53307d5e1b15b07442c8cd706a81ca83993d97ea4d2cdc0ee71cdb46f53aeced,0x004442fd3b121dc49687c055b46dac04694c042bd8e753b4deac927f938575d2e8f67617adc21c386c3bf40bf85047adc0c0a54cf4700d132ea75964dc51a73a0031,0x00aa772d8bbbf24b2a9a75288ab37f51f099e954ebcb959d1af3b68dfad33b1d715de3ffb313760e920efed0a270f79f097c2596a538c0272a39bc0dadc718460d9a,0x00423e179ecbd83e179b396b9fa4b31dee5e0090572e0b6781e2fd457c4fdcaa17c1fe690cb36fcf62941cde78e56701cbdad9fa2e97bcdc624a2f8aa33bcfb539ea,0x00ba95b79e200ecef755b7b3b9655a8b6822ffe137d434b0c07daef3e8f3d8b317e7795e2f4940748935730da2da488090cb248b331705c61e5611988b2d23b67b51,0x13791e4359a3b687077f380edbd33094a097326dbf5a65d52fac9c7620f5d7c05ec448cd3b49bf272a3a85c253ecd13d4ca8d47d1c929dddf48dfebe15c68b74251,0x1
0x01d60add071cdef99d92b173a6763145a1728cb186b4dfd4df2f29c20656a66377a7f5a9fd8f149ae68afc208375a8cbf39278995227be8d470f31382e6f7ddfa5e7,0x0073b287c20a51450af96ac4817d7cd750b4b400fafd6bbc11f9683e6d5ecae188f4cadcf4adb116d8c4a3a6830357e4f3f0ba6e70d208d88f6b3c1befa5f8772652,0x00b9ef87e0a373f7f1c93090d2f0ba37b4624e038a1a1a79aab25eb6b95b44f33359f2f40e7dc0db3c8ab2ba0d41f47b93c07e2507640d8da2de580da1fc41023c11,0x00d7d32c7d36ea388dde6a75a2dbb0dd9bda17a1305e1fa975b9ceeccd3f579af55e05b7e26d61ef254b368c69a31e2237da53f8e842afbbbd7fb3953fece8a925c8,0x00f372b30b1c77c41d3f814c24efee650413057a5b41e7067698bdd43ccb90d1e22bb2f7cfa6abe387df819100e5378e5b380da4ee2646e504c4d3fab61f530bdbeb,0x1d60add071cdef99d92b173a6763145a1728cb186b4dfd4df2f29c20656a66377cda1a37cdf8c92d1d3358b6e66fd993a425d26315ae7567c3b2bf553ee9a765abd,0x1
0x01c153e7e0aca8606998347d80dd79700685b3834ee5702a3a6c2be156c8360765b2748ea870d8f76a1df1655a9c5e2162717692979b4d49ce55b07ad52a440bca67,0x0133fa6303542ff84575d7ea228cda72bdcfb48d171a05e9f5c7e008b5ccefcd8248adb10b898297e48ecd6c3dc2d821b6d8a4614a7fa21995329d6964893f5d9efb,0x015e52abe1e2a7073bef6615039d16a636cfc3effa9fa62369ebf690b0d5d2b8ae0d222e468356c3aacf3bb1fe0905bfc27b05c7a63e8bf8933aba5622d83b95c14c,0x01aab07f6eef928dc2184f6f1a2c60855c7e3f32b8364a18ad72115e5599e050d2bac769839c8eba165da1d25ee09e32a1a00e1ad3d5b365797c538914ef27005e69,0x00551ed9fa3cb3acab50eb3c453e2bd53925164605e88752faf39b70dcf7da863bc9f97cfd175647702133ea424c014ad30a402e31b3201fab4973ff0a418dd6f142,0x1c153e7e0aca8606998347d80dd79700685b3834ee5702a3a6c2be156c8360765cfe06470a0b4dcae47810147e039095cb1728b360e6b46d1b7f96baea2eb4bbbe5,0x1
0x019b59429c6bf0b4c681c54b3b8afe2f833093010737759b426654b4dada279b9e1c02f15344bd57ef395f0c01b6af9bb32f141d4d411e71e88db03de180353b8357,0x00cf027946e96af491f873b83e206b179964ca8af9400963ee5927c812d96363d92c125bc97fbdd6f0f342fbc9a578913f176e127db32614c38a0b30711528026f3a,0x009a8a96780fb938fe03e84bcad870c17672ca28d21de44d2d04ad204331f35e0dd82067a1c3724d8b96b35088e9517bb3f11ee0b9d9ed546046ecc92b6a0f104031,0x0042404993b24d2b5e7f6ea8d001289072fb1d225b89f243dc0aa06a13032a49920427c77fd0f8182f9c3c37d7a3bbbdcec07820c2da6ecd3ad4ef3bfda44541a815,0x0146e12eb9d68655019d40923074bfbb0978561bdd8a4496f887b5fcaf9c2228c759c6d7af83089856ed3aa94ae256446f3a03810c8685d23d5bd892aba95f71ef12,0x19b59429c6bf0b4c681c54b3b8afe2f833093010737759b426654b4dada279b9e0ea2d1f75cb29c4af59dd1816e02617ce342e1f88a1e76b41f64b123d9f3363ddd,0x1
0x01eaeda38410378b95cfab618dacb2fc327db362fd1ebc5cefec3840af8a0311bac2db4833b672306a4905200145dd971002fdff8ba91516df96e018da6ce3a9d63b,0x011052d73724edf3be138bdf3b1813138fb3839b834420981d4e5d880e5de1c186bd0d8ed1df074cdcd9c6771137e04bd8a11a22dd12cfd858382acc8528eb9b73b0,0x011174eb2c0dd570cb01acbe4eef1c1da212b5250d024b88ae90f1193e88e9b730b4e773f441cc0a89c10c81b6904814732df48f41e247bb48a03dc78cb92069c148,0x012d08795b9abaab3bdc88421874191d55e6a1f1b53f1a66e877100585ba5c76a637b39ddd1ad4a96ed261d2fec1e3e9048020d1f02c68d6ea9477926cd7176789e5,0x00da1a89d1633017e640208375600ca50a4de6b4888f1678e9bbfce89412b37be5201c280cf3eaa66e4b54d9d58e679c6f237b23fbb7cdf3384a129da33a8c65ec26,0x1eaeda38410378b95cfab618dacb2fc327db362fd1ebc5cefec3840af8a0311baafe33eb48e5b753eca51fa680d67b383619a33e79462ea74ae059c51b3dfdecebb,0x1
0x01702d7feaa1f5261a1f2db9ba59a0b56cdf3100a98f9b1d5d7883fbcfaf8ff97df5b6e7dbea505242f51520a27cf011a31a21371adf4954867a73bcb84298d894f5,0x0012fbcbe96b1550e73744f8144fa4890c4dc68b316c6bf49d18f37c60f2a46f9cf87c6093842bf6e98a1168c268af18c3771f1856c5a4f8fa6f42775a61456f9845,0x0094bd95448e96a327e73e533b032b42d70910777444ce7f79b074aba233f08b69f765f649de165b0c58c3995e91582aca2a0b7bd87a0df3ed8e98025f30e268ffc7,0x00ef0169be3b540c0470eb832d06150107664e654a228b64f8ac0ba7d1bf3c2f793db97a32f98c40694ea951f4b94372e9c84f4f619c587a2d66f063e7b3def3fcf4,0x015a21922d819445ff82ae9f5f1780e481e7b159ab69d0f5ded3ad17ed9f9f04ffdac667ff785fd7b89f52eb3be5310a2b516eca0da1742482e47cb4a0b0509c199f,0x1702d7feaa1f5261a1f2db9ba59a0b56cdf3100a98f9b1d5d7883fbcfaf8ff97e1a592b5bd6e0efa51a63b459b8d4a5066787c682a7df00e41b291e46ce9abb3057,0x1
0x013cbccc9f69d30c77f6c7f03a4d08307d7d936ae74920109b58a301ec351042a8ca0d881495f2b5e0650e06a215489eb57ae02a3f474f032eeae27320e469e9c469,0x00bbf82ca1a3d36e499cab17501405621b7c5c304f7e12156cac71d74fe4b8c7ca1e671f136ab4da3c71641ac6e99fb2472d647d83981ac6e5b71c85340e260810d1,0x00425eff4af7d257813d79aea5729ff0a502e6ae6b41403667e9786c7c5b4d8f6bd543d84dd02179d7056041a7bb226f13ac13b32849df2b7f6886b1be0d21344c78,0x00a9b25a203934af4cd4714e6a460b6445792d704110d75904254004151ca0083a12a7dfa6afe22d66aa4a3a2364af8d82dd3ae46d53320b35b58682003db3eb092e,0x0023a564ee458b843082226e898d415d2fc95e45e982615c9f99fc96bf1661230e490700ae08d9947c2130b5c8f4fd532527e9b883978b404f572d530c3643d44029,0x13cbccc9f69d30c77f6c7f03a4d08307d7d936ae74920109b58a301ec351042a8a695f7dd49d4d5b97f3c1133b45c0077bc3d19d42efdafb2b3b274d105a5906491,0x1
0x01d0dc0237979aca31024c677ef83e7d768f4d20730ea910383f73f9fb4c8333e83a80d25443b526b52a7c630f40baf89f9a53d5295b108cab351e996cf13bab2f5f,0x00fd9eb36cd26cd64fe4f78513459e0e9ac1d332ed7b2a23e7b72f4a722d75b156684b9fb19e2108ddc36a4646a252c754c410905ea702a62c9423d3e35ab21fc09f,0x0138b59b83db4e1b049c55ea5766c709c0eff37fdcbead825d379b23809316f207950aafc830f4f1541ec5287b459e0b921e21b928bec83923fb2465f52838d134ba,0x01a1237304b8091e0715631344c663156b5f6031b1157716c4bae889c6c66a57c251b91ccdd07892ff207e12398a860b2fb81d8cba0cc108d0491efb4269fcd6f9b3,0x017217973a0e61eb45fbb7570288743e73b80d0378aa84484cb0cffb4104f1e98d510b2288fc9cf41de852a7cf866c48873cd2b5a2eb048191908086678d8d1a9563,0x1d0dc0237979aca31024c677ef83e7d768f4d20730ea910383f73f9fb4c8333e828e26256e260b170756c05e26ebf8dbf2422aecca295fc8fc29b12606c1d303df7,0x1
0x01b6d98c4b84ab3a64c86cd462792f48e044ec34a77c12214592a5fcd809ae4f7076c26848564bde7ee52877f31ebf7b0a7bb725b1cc2bae6f414fd7ce6f3a468963,0x00f65b9ae4cd410445a741dcef4c4940d441425bafc379040ffc7808cebe6d71774b2caae1d5f7e4936896dd3d6a48328e7de7ef0495f7ea88ad0b9b19051dbe9e6b,0x00c73bb05db38ff3a08f34ef89dce374b8eac35ac07288018fd8c90419e269b78599ac0c1e9482dbada269e160ab4e5a74491fd805d990801a1c63bd853728f015f3,0x0028c68b5db9ef9cacbac22aef9816a49c92b3c608a4618b86d5ca35cdd7ed8211561313ed358a5bef37c16c0326d685d4e352ddb92c04c3a29dc99375fb66451bc6,0x0066fbb6821d9fc59984f7dbd97ba9f9d222924d837170d57fdc16d523cd403d7292f9d981070cc8dddcd85c97fd9b96b7c1a670f1d109801fcad4539ea8fc9abc4c,0x1b6d98c4b84ab3a64c86cd462792f48e044ec34a77c12214592a5fcd809ae4f7062acdc35d201820ff64330e8938b1ea32f324cb2ee7044109936aad79ff237575d,0x1
0x01a6a2463890195401e400451b275ae904105e28f91f980a4be9bb35fa32f9a5d6a82de37ca3ab6ea0186afade8a4ef66f06b1b841bcfc04a72a1bc07420bba2c1cf,0x015baeaf34fd56929ccb196a4ab397a2af6cd21c1676115528170f62392fe5b7d21dc89315918b1b74c64afbaac8d582c5b906df4996f5e569bd6318704ac63dcd71,0x00e4970b78229f2acb13d2ba7bd30d20939f7f34c5f2f13460d591f58bc6210461dcceb3db59080cf9ca3833952b1dee67eb2deafa7fa01ebc5b7af8f9fc0a9a62bc,0x015b62531ed427e68b13e814c37713e6853597d0fbbaf1ba2a3c9e14102eb84fab2f00d0bcec0e999b8f340d936f3b386fbdcb4d76730231e70b8ba72f46a3c61911,0x001b110a94a580912f9f7e4a155eef49119856218680869cf59d4e2943d01731f156a31486be6f87117c0eb584515f3a77051d69879fb8f9bdfff5aa1010d9b96e15,0x1a6a2463890195401e400451b275ae904105e28f91f980a4be9bb35fa32f9a5d67fbe0a1bf2a9e3c8f6a5328915c46ef38583776f3ad84f116fd6b6802503e281e9,0x1
0x015fea40d0be34bcbfe98bcfd7fbd09077e014b643e20cb9ce26e0d5ab8af67fe7487ab1d9c6fa80853eedfbe48ec4c34fa15214ea8350e8dee3fd8249514410051f,0x009d2d2ad040cbfcf4bd762e1758cfc7d941a3129957d5e919509d9873e58fbf0c57ac1f3e9e27ae305d5903366cc6a2e13553c178f1a2554b0f87be27d695ed4097,0x0051d737d7da19df0502361adc68298367e3a3f36388640083e58c9781d425a6e03e24456ad22ef48ba1d9fda76bdb094cf00e76700fc51dcabbc06f7960368d6346,0x00f6376d40c1a0d0a18595cf772893718e346b67f0f5d60619780bd98c365a938c293b3922ece6b2502f8786592c69b3c2cc670fe72d8451975db950beba99e599b0,0x0125a22e739238cd8afa4d48ecfefc6e6c15a5184ebd597bd6afe48bf18ea0c9998b31b323b3552c3aef4ac0e0aa5ee0e00e10dcd8e30c18aa7c4e18ed834dbbc76b,0x15fea40d0be34bcbfe98bcfd7fbd09077e014b643e20cb9ce26e0d5ab8af67fe7277441ec9a1e3183bb1b6f4b7ea51f1959caf5c47b42bb7a3fcb4e0d2943adbed7,0x1
0x014ad2b5c4999976a5a7813bee832e9d9830c792c0eff647cab2566ebc757015774c1060e1fdc09539a27437c74965dfaa7e4d110baebde84cac9cea59f413ae460f,0x00cbd3735dc19481b40c1a4e44ae28065d1ee9371b472689340a5b1618d8965fcf3774c3259758c086a0c36932a93514295fa8b3dccc6bde43c75dd96432462eeb36,0x012a29dc8d7d57676da1914ad555f5366efe8c222aeaef8ffed0f33c9d3e2ae5faa5bfe721e63c2fa5e933ce0e3b792ab6d9325b87961a9a2ea0f53c57d0c859ba40,0x00eda5e56e0e72ab9215be710d2e20da0fd77c52573bc171aba05d1357ebba49d1a871f9d8cd63d03997f801ed3041e47436e76b75ef9141b0a6fd272c55bccaa042,0x0126129431e9f1187cfc6ee7aca0faa2c19196c1ac68d5a659ffa8cb51cde74fef37eb148788f689b9526691f819d3e33498bbe673bf3aac31a9906240ca471633e3,0x14ad2b5c4999976a5a7813bee832e9d9830c792c0eff647cab2566ebc7570157727ca57c0f522dcb309bfe9d2e25d2d39c712dc5a821423c8045ecef6dae9fcef95,0x1
0x01fe5d501e2e1105ffed2f0e1099a966e950a083ac98308ed8247209a1019575e7115efa9916bb54b3bd6861fb01f311ae1d01102432dc83c0af00c989e9411d9cad,0x001f92f1f8cd8b06c3a2085389f275435b651a1808b4e4401284a2e1581296aa8a9254df6c75276a0cc5b9632c312587c7ce008a423ea3a0b0d37929d11d78cd3c0d,0x001cb6bcd0b845c494c47a7ee0138d0dbd4b44146240a656b49f456de0ddfa16cd68e50ff5fa18fe0ac325a4e9001d24f0da4d498476cd5011c1f91775e664d872b8,0x018987d9e17d7f44e9a56ef56a1a490ea19821eb6bb29d18b04f913ce34aca119abfcd434d3dc7f13e5c47575c3ceadd12ee5f42c066c5890b161025463d19dee52d,0x013e8553b66d04b5a770ce6d61962763250975e471e3e66c47a57b047816ed30d3f55568f0998b425393d5c5ac0824433a032b2e0f9b2923f26ad381fd3abd521cf5,0x1fe5d501e2e1105ffed2f0e1099a966e950a083ac98308ed8247209a1019575e71f8fc2d8df384dedfc22daad673ad0d4d3a0195e4c0e25b88727328955eed8f81d,0x1
0x01a1d94601784a7e5a72959c7877da75741ccaa460849d490361704a1ca1accc800c5e8c4a4d850602ce638a0af44c35b45cf6e8da1d6fbda46db58a489076ebf4c5,0x00c038bc944e462a83a5cfd01c085fedbb9e3c24c975e2547e12cfaa91ad8dc2621ed6d89df390b8272b009fe9f074ea0e512c62bedad9ae61ee2be7197a61a1239a,0x00f401e9c42b7288bda7b4516ad996b0bdefc87195e283e617bfc59769d2e93ecdf472ec3c897829ca389b435f22740f4d1bf8160e17375d7ed58cabd11cf3ac4ef2,0x01852c9f0f5d1a5df0aa699831eaab2c9c2c4c79c6e6bba5d59792a148240344bd73c96f09d8df9870d6a55d163b668aecf9898691ee351ec7cbd9c1b24e114f94f4,0x00b5b173d548e550b534a823046ff279499fed10d24b41099d83d0f694a653a50c2c963696ffd87d9b91b3e085a328c21ddca64f689f31f1c196545be04e439b933e,0x1a1d94601784a7e5a72959c7877da75741ccaa460849d490361704a1ca1accc7ff0dd595945b225714906c1c3249142bf448d8117ee1e9acb6dbdc40ad5699c22cd,0x1
0x015995163c04b0cbe0bf828219e76eaa0a2a6ea45807bf1b495d739f1aec192dd85c2b00857a1d4e2d0d3c80636fe684f4d50fcf3df8b41f2d32d76b3de645b6dc27,0x0046128c5c99923d580da7be467783d60f0089d7c5a50f6c04201445470f9f7040ee12d509dcdde40203921d3fa19fc8862a50a1ade065466efd5b8d62bffb9b6c61,0x0004eb78ad9ee998f6743856d8c8b579d2b9ac86d98fb4d638417acdb76a7043c7a1d2ae5852cbf46cf8991dcd5ca6609dd5f2d42de720c176210b1da18c875208ad,0x00b50a0149e11a4181087c44950086cb314f26f1f343faecd422dffb49559fd83d3c9b1d6d588dcfb7b402e01c72a5af2106c1356d45b191b6e0f2074e5777680d3f,0x0116b0a392cad0c3b5c85f2c0a874027a5749832e2b514431fa2a7392340b5f6b326e7f6644827c145c6595a6d2aa18b1c4593b8c046b22ea44d1cb6df1514c78e56,0x15995163c04b0cbe0bf828219e76eaa0a2a6ea45807bf1b495d739f1aec192dd87f83ef86ca3fca60e535ca62c5f528e5e61faa51401a6c410fe1327d961e53e6b3,0x1
0x01b707b550eeea03d7826fe0c9e623798a509579a4646ce4e34749c02f280a3c094402417cf388d0753c14b18a587442ddc01232682e1b8478e66d4d033696003ff9,0x00e95ddbe45011d1f9265e0d14f88f6aa8c9275f869b8e42a38c371d738a042317050f6c60a0caa93a387bd44398a2fb63d777f0aea552c6178c5abef4646af7d4a6,0x014e3a01b4eb22bc99bc86ed93a3e67528a10163bd2a2576fd4971180feccdae29e74cf72df9410d99c61df029a3a4d19c2646c5b64d1fe1cd3f2c6ec946781de267,0x018cc9b8b276e06df78072e8d4e5e7d6fb5c4d3aa26a4f783ef392449a8719e0981d1962fb99bbbb7e1315b424a9d496e1b176a9fe5bf8b8bcb265070f77c1e3a44e,0x0075262aed473fc2bcf551da3ddbf2bf79093eefd92e2bf71e8ab3fb4ab168b38212a90c42f58428f427f1b7466e952c890a33258e2cae8b32eef087568644c17fc3,0x1b707b550eeea03d7826fe0c9e623798a509579a4646ce4e34749c02f280a3c092ca7f382cfeac5313e72375c74a7155b271970d9b6c78587f2501a5828475f47a9,0x1
0x01d61fde2bd5be905d1788fbec10d836f8f2585748db419878bfe968caf745a921bce7e8a1e983350945bc162ae52c441298d24b28b14fd8d97189835560cd6fff1f,0x015428dcc4c1af88370eafbbd8cead3642f53eb77fe1d6ccf3b585decf0d3cd0ea58e8e7cd3e627c6874e470c5079ab240ebf432dd8336d7acd0d75b871b442e042a,0x00aa5aecb4d0f122a98c3f81486ea1c6cd72c6ac144a77cd1ab2a871aa5fdfd3d4e56767144aa111347a2170746f35ccfa8c3845c9ecc61499c1d45b3e3cf997d5fb,0x01153dc068c9ef186b1285bf08a05c1763cf090767a6747619521a10c537ae77eed6a3d8b4449b93360c6d9e11ac0b89f7040934178bd96af4697d5a584604c5dead,0x0134cec78867c5659d7e00bbe0b4d196c19723fdfa5a7659be8145a5adae1e431921d46d8c4a5806136b31abd45cafbfcaf27ee9e15d190bdaa066dbdda69edd3e22,0x1d61fde2bd5be905d1788fbec10d836f8f2585748db419878bfe968caf745a921b065d2d81c5994be4835656a4bc5fccb0143d79f8dcc30a1ad246f48b0a9f5b495,0x1
0x017bc1a6fa4225f87a9d54b49312f8d427a2f130254d978c8cfbd2ef54d3f057796798653add6a42d067c76d23806e5f4076e81fa5ef5282cf916be272f37e72c8ff,0x017026f9a22d54685cbc9913599ab254184136e863a62b802f7073752dda2e13a8ed49d0c5314e461f06ed4735e8270cb78428d3dfafb50e6398025b346cbdd13d22,0x005f96b96c479a62480ed08eddd28a27912b686fede6c946763c61051d72934f7bce0304d9f9308e885b5f48d140ff760cfe1d6589b60a99b5f34e409edf27a8bfc9,0x00cd26dd79a5f81f8e40e54c34994db25ac982c80714a5e3fc5efcd9a4ef081207e91910bf634c0d36be0abdf57815a5d341873efcf981d7c39ca30357425521ce6f,0x00ca289ab19e6e0c9a49231a09e16d196cdeb69c84f7af4e1e4f79bb524da85b99e279398d1c3e0f3b18ab7f90812c9181de805ada940b8f087847d4447b967c1aa9,0x17bc1a6fa4225f87a9d54b49312f8d427a2f130254d978c8cfbd2ef54d3f0577962c6e9a89ec09a74aadf468a4fbbeaa53f87af579ef7147b249cbcdeabe90d416d,0x1
0x01f5930c01f48d86a96ee40cbd412063cb6def040c501ccc1a50b61028d67bc63a49293ced174bdcda79708c1c6e95fd3d5d22ef0f2344ed3e02802f9ca9fd38f64d,0x01b0e3edcb1b795aca9947b57829f50fe9fe9ba6cabed9c0f766633e836358e7f94c71a4148dc36148949fd14250c0e04ad35b509df0de44bbb02a0232ac9aea0e1e,0x0066c356d507decaf4964150c8149bac47aecc20316ab77dc1427f68d441c3c9fe8cfe6c11d2045b05def76d652cfd34e79d81600c14088da2fed3724ef0734b84e2,0x008ecd2d41318e10c4429f94af57873ddd678c7be1e1c7a2cf59fca871a48a19e54e9b950bbb136b28cac24f182e13092bae78bf8ea4c016654e9a66055005083e90,0x01e00cd2e5fd85c4c13621eb4ef51514fa04ab96fbac4d88b329cf78a43b98b6e44cd8a85c1c5a4a04564d55fb7650265fbee9343ffd1cf38350e23768dd691c40c7,0x1f5930c01f48d86a96ee40cbd412063cb6def040c501ccc1a50b61028d67bc63a2b57516971c322039572dd1c4c539e8fa756bc107f10899eacf2c66c1caacca017,0x1
0x010506cd84c483dba09fff61d361ebf4e0369bfffee3cd67600f2b622dc211ace133d9f6a323fd69523c7597b05a1ebfaa033bcac1b66007d7d0f3679a1d404ea175,0x00ec25447544866bb9ddfd1916818264c0bac378f4be8c74bb279eb01423eb9b122df9b6d7e6a3dd81d37ae128a2c35505a751be60ce8c82f107f43cb152d5197d5a,0x00b34992d40c87ebf2609be1b6fc8e3f135e8681a2650c976fb63d7195d9d6c7d2b30007e9f7ef503b260013ed6a0a66fd63a6544de840f233622d874db2a9e58cca,0x003d05f58beaff4c226db882db152ba56975443ae637df9ef2231a8f1dd15781ae86153dea0ea1d82b594003946e0eed5080c89cfa4fd28225a4b6f92d0af232269c,0x00932c942daf90cf42f168e143942f93383c6605107cb0a79b06d382d34c40b3d7ce460ad2158e884759c4438f19d74ef7798cb65b2e495ba90e5c3b2a8d31fa7304,0x10506cd84c483dba09fff61d361ebf4e0369bfffee3cd67600f2b622dc211ace1366439fb8e0195aba4e50aaf51272be4cc845c824355a037794cedea876276b1cb,0x1
0x0121090dcceec50c4c9a3dc92c0f7d4b9ea7e8c62c4514e2c1045515053e013cad2fe145ab7cc07c338993f8f405f1cb9ebf9c548eddf5dd6c93ca1b049bceacb9a9,0x00e1ff53e065917e2bdd3a5f501be772aa8736d3a4615610c4ec132de03bdef98c4ae6ab77f6a982f3088356fecac360748e9c1e570763a1974edbe9f0f1d2491653,0x0025068cfdf2ce47b8d98e0e9544a05a865f2d67119a2c3cd8bd5ad991d58c0ac8ceaadd2b1883a6a8f1ac04f508e0692b3fb88c7f09ce9cc85a54fb36361c6b875f,0x00c39baa94ac8da657ce96fbcb3781b4fb40241873234805d8fd5bde68a45df385b6066604882bafaf0a1680142cb12df2cbb36c2ede60a77b212a6c13eacadeaa9a,0x00ee1ff9f18474be0ea746ba68cf0a7e59ba8fbc1fbbf9c071bcde4f9e004c181a41bc7e96675b6568aefbea772efe13a91faee1eb7ce5a0d0d3ec0f9627dd2aa965,0x121090dcceec50c4c9a3dc92c0f7d4b9ea7e8c62c4514e2c1045515053e013cad4e9f7bfdbca64f7fa1b30a171b5af2b9356093955dc295182565e8b510a95248fb,0x1
0x0124826e79196048e575fdf2ca55fc47bb362749d3f1ebac0c893bb3d60c251c252661ddf25b05691f7567059a94ed0860be0acd5bfd4eacc98234c404bbc8932673,0x00255e905553b9de223395ac298e1df9a00c80c7c366c41fd05f10ee93f628cf0716d061a704cb90bef46634877987abd57c3c1ab97764b1f4987c65d3bda77d1e69,0x0008ffb5451c9ca0e24564e5698571d3f996f0cd2c2ccdba0233461d10cba00f0610b0ea68c7545b9089382f95ad190b788249bfec875ce91fbb87a7243199491fad,0x00ffcfe326ae98e4f0dc65bf2670c91a8719a3bb773ad3f1a881907eee8e53179c19faefe18a1a554d69068310511afc6287ce07ec82e8f8616cdbec8f4e0d19f767,0x0096400f3bfe70d406af57a48aacf0653080cb3597d43708b1c677b934ad625a08b401d07d493eb01fbed264a1f70704d054241f6b1cc629fb51da6228da2e141b08,0x124826e79196048e575fdf2ca55fc47bb362749d3f1ebac0c893bb3d60c251c2517160d345ea739a1c336d247c320af6e937f814db36de40eb8b98132cf3aaa881b,0x1
0x01c0a5234d4aadc7281cb97d89104c321601b9e0364c0eb60a322fc6ae9ee26b00f73e5a72c8fd3209198e15d55d0fd0a20262417e525a4f912780327c7e66ff2889,0x00abec101c26288aacd8f8c104bf6f5df7fe0beefc696f02b5e348e99ac31ce8e0a201c18106e7af1311c3f91190e050beee3fe26b178232b9516d569b3dc74023d8,0x009ef6904d5572a36a09f44ab879b051606e9d6c8397a4678aeb1ef51fae7a48e7441ef609fe5bce0efbc4fe0a577c84ab670fb4608521a69d741f4cd01a4486102a,0x010028b0563d5d4531e23d1fd9c54a6238952966fc0d0c4bfcd1e61371a44965fbefde30e8b3456e8e25eb7b78aa765e1e7b58cc135caa4cb56552b04e7c9fd07097,0x01909cda42f8a631a1f53eb7ec2dfedf7c36afd5eb5c84e5f0b6ea9653d58b9e87f7152aa4b972c9c7606f5b9b068af160c20ed18a49f6cb9ae6eace4422094286c3,0x1c0a5234d4aadc7281cb97d89104c321601b9e0364c0eb60a322fc6ae9ee26b0119cffa15bdda78e4ab15f51cefba32ce28f9a8a8b0b0cae0e2f39b93cdecb11019,0x1
0x01f229fca115e6ab5f65fbf0d3eb92b9c23ba29d5e0c33f6199dc919115da70e8b63ea490e4c8243f2113c56eb739a03d8347d8b1043f52720ce6fc472623663a10d,0x01695a52a3bdf93cdfdef57be05628182f386ca5e87866613af411a73ddfe0bd20906a0ad72aa9bb099e70462e19bf58737531b039342b84f8461240537c5590d6be,0x00170c79c07e977d2d793dd319fab0832103dd316e6800b5405f44a98e0c3082931aeca01a16fa3aa9f1d89af1214e4cf488e27f1cfaf95e48ecc617e7f5a554e242,0x009dd5478b8045896d16409cc02b56abd0087a8f755c0d02fc37b31c298a68d9671878b15f598289f9e39d012ef494d79f1e6f4a8f44f4d4a1d8325c2bca12cf10a5,0x01726e2055ace8f2c6efbf77c4a1b248536c9972e08f6487540359ea53e83757785286ec005109ee4885e5b21198cdd7875b92bf368991b3cec5b8ba70d5dbd07f2d,0x1f229fca115e6ab5f65fbf0d3eb92b9c23ba29d5e0c33f6199dc919115da70e8b5c6185f57334a46d199255f1a842ec23acf4982a9b2b8f227e60fe8506a1230d55,0x1
0x01e9879c7104b612d91796c4574ab21c29841cb24f39d7c840d35a823cd1f1e4d6a5c4d4f002170058ceeded2238d6b3499f125bd90538729d9501635d24db4919ed,0x000efa8862749fcfb74036e88c8463fe81b65415703cad2ae063310d9db3c7aeffea1414d42353820ac0a5e17d8f8df70519e7dfd053e4b0b21665a321955c92ce5a,0x00c84c40d1e62168ef384936d64fa6f82883acf33d3dad5e945c963dbfe9f778aabc39bf00ddbcfad7a599df29bc8adb6bcb32643bd0517160ec4077ed4c27e8c17d,0x015b2581d65c0e62dce8cef74bd03a01b4442a2b315b6b690e0ac6893ab39dddbcfe01e419ca9ec1086381a00f3b482893bfa8d1ecb807936dda5c41feef3e2a8bb7,0x001ba123226a490b461f4f5a5af390ac6e10dc88e6f4cbc8e2cefdd7dfd84d388443083a5a9db894a0c46bf85fe60823aab93133a72d2a4fd29db8707dfb0d34f5a8,0x1e9879c7104b612d91796c4574ab21c29841cb24f39d7c840d35a823cd1f1e4d679fc55baeb892b6b0cc8866f2a593eec85b7826e2c24b23d21619299b952fa835b,0x1
0x015acf6c2e51f9f9e4d46528b8a47e93d186fda397b6b9e610aa82521cb08c21633ef593ca19d1deb5d5984f380f2a6d525a0f9f96d9bbd18948f1c0b94a025533af,0x015722ee05fbb9ab3fb2d8053958c3c4cf3fc491c54a4bc2fd88222d2f337f659e687868a71e2304781a0f102d524de19439bbc43e1692ced009f1b67e44a0a2766f,0x011d208114b5e2785cdc75fb40214234f9685fdc6f97378371220e40dff11600376283c2af5895bcc9021648bd0c919624d053ceb604de34849b45f5046a6af61ef8,0x013db7f8b3714ca71741fd2047abb9cf944254e23af37fe749712cc9025119638ac6105cfa5f688f0edc8e52fa6fa0c693380bcb35a556162b184e43590a4ad2bd97,0x00b30cc3f8bbced69be0ca09c690932088da0e32ce774ef067b54f6b0a0285b04c85afcaf1bbcbb01c4b3536434b4dbbf2a65970e889e76233b8eecea7c100767027,0x15acf6c2e51f9f9e4d46528b8a47e93d186fda397b6b9e610aa82521cb08c21635885b21d1d08f893b91c44bdcdb30a6cc9b1a517c0c913bbb07b24f57d12945a15,0x1
0x0171a32128a881dced4f6bc897cb274ea8e9934b18f5f893831d0c943edeb0d61f447eea42914196bce32d7d70c18c1dfd2bbaa7187a3ec5523c7c01dd31f0e3acf3,0x0072b9e6516deafc18ab7a67b51da57d957fe0b2ed368be4707277c22131fab6a92b038ef75a7cb34b90aed195ee63a7f21a97f976f12796c63c1041d7f029f4e39a,0x00b6ebbba709b0ea500b59a7d3d9fe49b69797570d30f32957baf19a9edcf92165a741456889c6c1d6a92bec5f6c8c3d2b59d9d87a8abfc7b30cc12852f5d18e504d,0x014ca99210e805d5a4a7d465024be35e2b6350472230aa3ca0d6c375d7d9983456a743e402ea095f50faf0f2a50b77a0c0c83d1c0c6de779d42d3472bf59c0c8569b,0x0037d820251b1ffe604964d6d2050e4d9bc0ae4b05f723d0ca1ae38d025d2fe41be97f81ae54e948c6aee9f413e7d30a8453e50dc14e4cd93d3c43446f60259de6cc,0x171a32128a881dced4f6bc897cb274ea8e9934b18f5f893831d0c943edeb0d61f22cd9c8dfd81a5a1fbd0b88ec61a52d7b5b56099f4dd46ee18acf51aa74e6cafb1,0x1
0x013c14746495646235f15a5ba93071e64613a75f819bc97b627e1a741fbc2d15056fa009a44ac544ea2f274441014ef1a95dde3b90f4523a4627ce52112c8ba33c73,0x001e0ee9a699cc6a511092c7d1e238b8bdd39c74a9816099fe739a0b43cb1a4a59f646292f71ba1d2e4f4af899e182c0dba0bc3436103930b35724946ead95efb37e,0x00c843a27116fc2b84259130e05de42e17d459fbf8f280a9f2627a7b1b07e1565d0eca137ebd91c6cf7931d2474b1eac26932bf90f3f3ac7cadc5a6a2b34f6057c33,0x00eae0a680a30d1352bea1a71945e250f2f4f440ed6a92ef23bdb56c9d0f7d1533c293e8b6dbd4ded36ab1ac8af47da78b716af45d822dc60de69c6eaa4403192bd9,0x00d5316cc06222e0554c61abad2b28e37e2e941d33a7d75ade84cc0dad4f28af1f9ce24641835833fa49ec77a92a2811479615d051455e15c5a689367303bb4a962a,0x13c14746495646235f15a5ba93071e64613a75f819bc97b627e1a741fbc2d15056d9fabb583d37c87a2c1f0623fc3fdec1dbd7fc95d3735efe2629045819913c53f,0x1
0x01f1aa5c9b56ecc695646feefe5f83713f0b1f09a5a62a7c39e1970f999bc715e91ec7eaecfee530f959e9f436e0de1d25272fdb703bde245f57b1d50e17ce644ac1,0x00470490987fcd638b75d8ed09341e2ef6c26073e3ea54a4f3223c6cf5f1b6174b54bc1404509b1383b12f09cb4f3e21a0ef7e18c7d83c81f38de8d2f025a0b2874c,0x003947b4c5d99d1cf5daec7fb0c26d502a01b6f7f3d0a25840fc0169839f84017f9507e31edf60f1216981413267ff235d6dec4f4bde805b82e47b20bff7d2024232,0x01ac73f4e523b7f374f224941ae541f022dc97e445c7b0dc4b45990d2cfd78287d65cdf60d3668cea4edad293a41600eaac0d2dde59bb780bce4bf9567ca046d9329,0x0106e606a8ed51afe48cedf528558cab4b5e5b167d004d0e5386ab7468b0a3dd9c79bfbe242a271f9e18a535262737e8eb63a5388216689748a63d2d2a044942756b,0x1f1aa5c9b56ecc695646feefe5f83713f0b1f09a5a62a7c39e1970f999bc715e907ac8312e0d9733b755a2727558a646015dccf083a1c4320520a2007d5def6f37d,0x1
0x014e637c98cf96d545db578b3141f703b18f637aab2990e7cd3a0ef93d7b028ab1f2d8f633009ae5eb7344566ce2e9f3b75d2ba1d148d4bc41a54bc81bb821cb1681,0x00ea080cecfdb96487da33e906f74c8fb092f6cf4e4721c37a53b237899278b739eadd97e07e2aeae8f4089f61e3a746edb246c566673bd959e4955db786f635177f,0x000f80fb1bf6944726d15abcdf6355a504f51baaab5b1e99d6603b0e7e07a9c2baac2292bfaeeda0ec48fe1844a253134c736295688460f339e613a90638bab113b4,0x00e7dd93b95910c3b5759fbfc6ae23f594817599dc2883633e338c9946879629a4f37a96be6246f6f9fad2256ca74a153397d10dbe2f539cc6127a55a147e312f125,0x00596c0dec0ff4baeaba544d3ec9fe220f384385b2228d272da4353499bf03a23f5285ae69d4fcae8d5b453863ec83c6d678dca3c62e886481f5dda8df8ae2434a90,0x14e637c98cf96d545db578b3141f703b18f637aab2990e7cd3a0ef93d7b028ab1d51a88951a59e244f352ee80699d1919441f060094dcf0bf3965f96830264ddf17,0x1
0x01c62cbda0eed44d96a3241c277d15d99ba7c8337e407a5ff41b9d51de06f9887f4321be8370879e3224340a37aa2195a257be88f42037995e02c402194c3410200b,0x01023aa0f122698c6ec3d0e06b0dc16ccd233086d4238f0111b7f1a1159caa2ab2ddee980e76d2a2fca2072bc8f5f3a34f77dcc0882556fc86ee9e5fd1203e1cc966,0x00835f703772a3352825cd6f1c7c75ca9d726c10cb016556844928d33031bccca79efe89d57567e0de9ed9f5a2a8c1ee74edacf4dee8fd3218e70f2766efe493191f,0x00ff5259514fd210d372bdf7d8876b9ac1df22b4f6c61706f869e8e8457d813b92101d8bfb021bc291428e382423caa900e3225367e017787ba8975025fd82f1a405,0x0058991a35a50058463109e34272c82aeea3259f57c8002eaf6453f9fa8af19359c757ffd7910d2ff6e54c446d29ddb2de784f40cc61a29ddfba8265ab546e097fd3,0x1c62cbda0eed44d96a3241c277d15d99ba7c8337e407a5ff41b9d51de06f9887f1fd5df7ddf106f8a02ac67cb3eecf8fe808468c7a83bfb8765d12d8df490b5cb2f,0x1
0x0131f2a337fd6a4720910ed1649f7fe8fb80303185e0e0380dcd33ce5f3f03e1dba9d83c108ac48f2e32ac5502aaa4fdd4d826c339566436e68de4319a0c556deee3,0x011f7778b7e7b7b4d6d63300c3f27c0aa0a7bbf210ae28fe5155c4a66951e6c2f0fb80d514e33b956edb1062e70c03072503fe02e8707b8f3220d3c56fd6c74bb1f8,0x00a411609b5458a71dd19892ca3ceeae025274113e88f9fdcf85476c35876c6a1e444d6b764bcd6e1bd4acbcadf6777f4b84ed1102d162d75a41fde16fdae4e6d713,0x004c6af7972f6cfb73d2889754203879b929b17f2e4a19da96afcae4d295f0a438fa8fd8d91124e2de312653f58c26ce41a7daa88ffa3488a20c791d66a43a3b5dbc,0x00b0577a40dbe5ab2cec99660e00492e7c3a20a3ec706db788c8519dd6a79a4c46d46ef4d179ac7ecc6a536edcbfda732880fe6349fea3ddb24ca82b7389585c7fb2,0x131f2a337fd6a4720910ed1649f7fe8fb80303185e0e0380dcd33ce5f3f03e1dbb2cde648cffffa9c35d5fd16c140fc068b3d989ac1a48bd4bbda28de9ea65ece2b,0x1
