f5e4c4f1287e049e900b134ada3c82ceab7e1aabe3ef40eb7f332513,93ba5acacca069a5b15130e8cefe6b30dd5e4e7775c4de5cf1b4e06c,780394a87d36c9f7e4a747b2ec2bf34797ed91396dbaa422e43ddf78,74d39a9700309e1b83fea0c12249d7ae77aaabc88162ddea38ab3b99,0ad05981bb12f6aa69b5a641c11526327d820877c9d162500fa87434,f5e4c4f128c639a53b309b2f7099bdefd5991ca4df9bd5fcf7190dd7,0001
880fe6db3ed75ce4ad327965bece0aff61c6e6eee6797d88727a0417,880fe6db3ed75ce4ad327965bece0aff61c6e6eee6797d886e966684,880fe6db3ed75ce4ad327965bece0aff61c6e6eee6797d6129344529,81b36440e33a3b49f93087ac89adba52e85c122ea69947f40585dca4,3d50fff1d7e872099e0c733ee7bb7f2209e5a0ddd401c42aee4ac1c0,880fe6db39a893dedd4529e713f0d8a6a9b2c372d12831946f54ccf1,0001
d47f6d8d803fc8ecd3b68582dd320a321327a998885c4cd37846d185,32b46565ee84a8bae904e3bf58dbc8b61690f3b941e5a529ad819905,c9b21a16c69250e63c954924a5dc14fdced84e766afce62f459d0423,78e84179a6fc5f6630787e2adbcffa02b8e74acc035c37ab7cdf6e7b,7d1d14c45531e14e45bf9d68730664b10eb08df5d454a382ab241b6a,d47f6d8d7492030948bce50d314273790a3f1a2c4cb089439cd41c53,0001
887a6e04820b77145279f9a6244c8b35988e0dd5082c7e1f5a0d813b,59d387f06987ee3c89d7ee216dff440735ee139878433dc0230e76dd,04cb622735c4b87801b86e1ef4a4b613cb48fd7c0016b09eab0790c8,595060bbf6e3b4292a3acfe951dd68384229b8050b29e73b50d12e09,1768224ab9ec72c40e9627fcad0bcf3cf8b33c25cd2aedec0e286b76,887a6e047c01ea3843513887476171b05fa9982c360fea3be0aaed0b,0001
b0b89df8b8166b1a7c6c30d00209b82cf11c063d185d0f151803f2df,09dc5657f0032f5673f8260e9a313a37f2535772df9b6a16bc536534,6279f24a5ed570fdf2f523a82ffe08bd7df0d2601f324f5aae1a2afc,980f184453561535b5a2353a0c4d524d263e50a1acc190287ae0fe8d,870caac2553f72a9f32ab31365c15aa7ed6685d85d3e494b5cb30590,b0b89df8a98cec568c935af10e7965dbd0764c67f8a4c766c12ece51,0001
df5434ae43190d0d9d5d4ec11429b7ddeb700bb5a721af36f08edbb7,c74c0b5212975ca2847ccef30a9912423fb217391b2598313e82ead6,595b9c53e2c93a89f960cc05ff5d78ee38874703aeda37ab577da53c,97468e43d279de2984635a362cca4f06fa596dd0b07107a2c69ced45,95cdc6ef12493f26bd96ea394fdf1549cd90d2c6a810a7bd9c9bf562,df5434ae2f65404a8f7982e6798f44765734853294d48d4bcbb3e40f,0001
b74281807605d3c016a1e55432f3fb0bd88feeee035d92afe228c0ff,b74281807605d3c016a1e55432f3fb0bd88feeee035d92afdc7d377c,b74281807605d3c016a1e55432f3fb0bd88feeee035d926885340a3d,7753206ed9b9983d9073508a29531dea1a3f522307e61fd4734b98e4,5af137f42963eeee84f80540a2ed9c716099c85d11bc9f717e5a7d77,b7428180738c263afae2f37c1a37f33fd5ff9a05b6bb9cc51699da67,0001
859bb14bb9978ce1b37699b33310fef30f418b007de38c83ad50807f,859bb14bb9978ce1b37699b33310fef30f418b007de38c83acef9f4f,859bb14bb9978ce1b37699b33310fef30f418b007de38c82dc6af0ff,3cb65b7d2266e1dd3d949c69f9229ee484ebc51ab6db914a16b5d644,1810c0ec971607a7ec11fabd6799c03c8b8874548101f5efe3a6e07f,859bb14bb8dffdc4c2ea126cc9bf6c3ecbec15187d9b5b269933e2ab,0001
e82190264ac2d37cdb5cc91adb1739a04c131817499b6ec4a4630b0b,67ab69ab6fc585b81db14e75cb9f5ab93da62ad8a3eadc3e395945f9,50a0c16e5aa4ef08a87dfc2c4b9b25a2f8d5fdd6a2dc2d235979c645,1c24684701236216c58a1557232576ceec06b5be4beaa182bd61dbea,e6a26b43670416a5b7efcd370ae3f346be90d1d25c0558fbbf6e7dfe,e82190264bc96facfda53c2d88d46c2947c7802e5d331f10ccecc0ff,0001
d25f8d34c6028db71eed4ae1b6b634dee8923790c3c0ca59076c8f39,d25f8d34c6028db71eed4ae1b6b634dee8923790c3c0ca58f8b37bae,d25f8d34c6028db71eed4ae1b6b634dee8923790c3c0c91cad5bf933,1465aa8a809531252310449879d4dc6b472df04b1ddb125c97b746a9,d1604b29829334207d2aa6f4a7bfc4150de5902755f481a16cb50f08,d25f8d34d368cf35230c1ffb45914662159c8f2fb612383608f59d49,0001
f8689f4cf5c64e27c3d3f1bb3ce3843f52f4b5746f5dd0c7286914c7,3d405c0e1f1106c366961e670b385d9c9cfb8469b8d8a7da4652713a,cae36008b91bda5eb763588f5c13fbc7b13300ca4b27f95a51cf7abf,a6a40ad02127093b1ae33f7ac290594352a47ce36676ffece9860b5f,917c85dc6cc212440f28aaf04d79bda141ef06d2ae15f6d6d7b80807,f8689f4ce769938875fe081a8e7098a31217261f47854d8309c5fc9f,0001
f6545519f579f7fe37781122cb450f5ccbc67d2bb923841caf70e443,1e9f6b8996a876e811d8066b918c5cb1db76005215e39ebb33a0807a,3fc93f98b9ad6a806a1fe82f2075e3cdddd1e4ff940399b15d984d29,3e146d999680092126ae34897db705fd636aa75ece67d08afb05b1fb,90a1279704951b7a0177621137e9bf65fd65e2226c052aefee656f6a,f6545519ede54a645e36005a71413e1a6d389594f29f61d9776d0a3b,0001
b748e5fe34c86f2d336187f9ec61fe390ddef65e7180d1345e86830b,3d509474d2b5671508a30f51f16b593bc804e5d87a975f37fdd1efa2,848438b80b24dddebebc6aa12586a705911846039ee7fee8a2b078e7,3a038570b82037e23a1486d8cdd78c72d62dd90f08ba15d45a5eb3da,27db7df035ec472b38566f7b2c5a483e3b5736896de5ad23e6ceecdb,b748e5fe39708b6f284ec2c2c2dcf5577db53ff4e8b224f200452339,0001
f43845a6253dc84b4817abd8d2965087932a9752f79b320ad38754eb,96152d66b8fc5535068a4e09d132701c28d43ca16d3859e997a5911a,be308f98b79f2c6f1737a0d4312d7b63da0c8e6fbe5c6a39d3f83511,afc5c44bd7053713e11057925326ce2de666e5861933181217baaa47,c6de0393a244cebea6b7be9413bb1c7ede4b377dc4d1b5339798c8bb,f43845a62478c49f4e12217a30d64a5c9049b22d29ed5b79bcb0d087,0001
c02342b67d36a1a94b1c1da76e655d38563cbfe2b7a1ba3ec194c889,19cc8cd71d5aa203e19e6be8b67b66bd4ba8c310547ac39b11d9ba31,b06db46ea98bf988d34645ac4f33a1276ab87c2c7f20b92119c61164,928a8da50201b826ab86b79699a82c3ed29be7d8d29b3a59ce25da57,ad3d92038cb12fb8d961214923bbd2daf334a6db4c23c153fe33c6e5,c02342b6833098892499be5c6efd30664cb7b68c752c4e8e69327d39,0001
b6d02a22914019222a441364abfe802e3bc15ec8709b9d7db39fc2fd,b6d02a22914019222a441364abfe802e3bc15ec8709b9d7db161bf62,b6d02a22914019222a441364abfe802e3bc15ec8709b9d6d7681a673,2635d7e6b0176d3fcc4a6055529a7fe41d0eb682643a959fdcd6a0b1,3aa1b77549150a24cc465dc5d85bce99e7e8204345806f2997d8c828,b6d02a228d75560b95706394e0b48568253579934c02e15e1352ec89,0001
ff21a2f95e0a15c54f09e0561e38a3149a0bbfb17341666045faaaf9,ff21a2f95e0a15c54f09e0561e38a3149a0bbfb1734166604498aaf9,ff21a2f95e0a15c54f09e0561e38a3149a0bbfb173416658e5faaaf9,4cd89dedfd4fb84b7fcf80ecf9d597fa69c6ba7346f9c0b02eb04ab8,2cad404d5513a4955045a56d167efeff91e5c9ce45a236b0121adcf4,ff21a2f95015c5a5118b6edf28011c3e9802fd05e23942f5e702492d,0001
9b3d4f573b8f13dda053791bafa6b895d820e56cdc3fc49762103a7f,3d63445a788ad7e21b65aa28258a0beb41785c46bdded5dc8eac1b02,5de106ce5719c617369b81661a7edfc5bebe181eb3cd4cc9ba17dc90,48a9a90985838dba295cb14ef16290813b4ac2cdd5b3f537a482b4ce,57bdb47ef0f7e3c2c61107bcf37438712b2abdc6719227ee47555845,9b3d4f57351706dfaf9f8fe656efd5157323b6aec4adb0d2bd758b9b,0001
b2a5c12c183b256a27062613c12b754439370b62158640ba3a822583,1d755d40a8eef60f1c35d587344c297b4c9008bce18c9c1fde320437,ad3aa676d65f8758fcabb6a2c3d60e97d6c54bef1a2261c3f77090d9,5d91abaa68c875c2be3f081be4c8fa8b62c4dc18cde2231b4d59997b,25823480aa30023affc272d6ca7d7bab25ad9e16af4b7e297801f5d3,b2a5c12c23dca90ae454ed8d921ab9b36e659b8914706d9a751fc145,0001
8383d08fe49f34b627734ae14f4379315be8fab8063d50eba6d82ec7,048483befae939f30af51c42d6b5b93f6e7166d633cf5dc75867db35,6f59c0f9e7535e76c36877d7acf9ec0f0b766d9ad23b11458d05ad9b,19aa904144501021754bc9c111af249ec37eb6e31f71049a05b5e5f2,1fe66d0f2864f0232c6bc0b449c352eb630885926a185a1994b02c2a,8383d08fdbe914234d46447338f400332e9f0fbdd2aa0ad4558a7bb9,0001
f7e169132264790fcbaea8f1e91223d6a5e4df11bd74f6c8990a5ab3,f7e169132264790fcbaea8f1e91223d6a5e4df11bd74f6c896d74d83,f7e169132264790fcbaea8f1e91223d6a5e4df11bd74f6b8dbb3fb33,b3e5c74ca526d25de264ba50c40fea3580cb3e585572f757b7670216,edb2b041c9ed7065a08e6f3b0cf2b43133cd07269305e45aec3efef7,f7e16913332266fce8c9f2f49c796067d862bf39f9b5bd0be43f5625,0001
f0c896871d8cc9dcc905ca231335c920fcaf6409c1c303c51e3efab7,8fa2b943784cf10a900e7f7763643fb8311b16f09a3e1306e2b25351,2385ccb767b11c07b787e0f5d1b9a9f681ea15f0066d3a4bf2a1fd58,d80a5d36dfd3dbf4daea2a6b5916aa57802038a61d729bd4db4e34d7,763d5860c92598d529274adc23bee0d181886023f93e3b83f184f764,f0c8968716a9f27f9297a4d94cdb6511168c62581a4c93e49abd6955,0001
8ae0a62897514de5d31a7e4b81c37a805c4e5d47bb666aa5a6a4b4f1,06687cd16226eb2f9a33e7da35a5e527a9dd1b6f2552460ee1125c2f,8222019107325938635039eb05c2ca19f909485d3666c1fe387635f0,7256ec02445a4cf7bd678944ca52dee8a95fe115c4e137bfe70a65a2,810142ed4bff04efcae3af7974850545707d71fe700f9d951ba637ab,8ae0a62898ae58b367d45900ac66fd9ed9b849a8c9e0f6ffbb967489,0001
c52d6154c0073170ee53b02ccb90b7dc3bd7c3089fda7275346af651,5edf5beec6f6f1fc5109dd5f7bf36d1add4c0b573d482d2aa321cd4e,a8741dda94a0c833a5fba1d5e9af2e14a54a19395b4624ae96a14acf,b0010a320abefe0b8a08ff74181b67b3e91ffe97d920641bb3c52f8b,7b787a700737c9e73e2b9f3fcbcfd9927e8166b2b5ee0fc50011d399,c52d6154c609baa949919eede3ad260b303a1292be7e6d9fea8b9715,0001
881c28ff81d8c79095f477ae3b88f2fc84d4d2320b93385371328e33,881c28ff81d8c79095f477ae3b88f2fc84d4d2320b9338536fde8e88,881c28ff81d8c79095f477ae3b88f2fc84d4d2320b93384c8acc47cd,04e8a3d40c5537dc5dc4957bda7741f71190c6f53599c3fa1768a6bd,2cdb25ae3c24d8d68de288f4992b82601b45bf23277733d31ac347c9,881c28ff817b2248993f37e5e94abd6acc32f4bdf5149c1d962258cd,0001
a75d778bc79270003dfe95a8ea7073498af44f508fb82d76c0cca3c3,6da28463d410dbc9fcf58c5c1a3e12f4ae2852ecf45d18ef94883022,516732289f74828100eb5e42d5d6dfb1748e41cfc7d777e79af3855b,1f6fee284d017ada39ed586e77bb6ecf3ada9596396ddd9f8266f6fa,738303e753f75f6c6d9cd297c31dfbb3ba5432b90a9a2cfb876aa335,a75d778bb96f457b66a797f88669f49f3b3050c2db7cf2579fc5d6b3,0001
da78aa3e370df353848b0c37b18e9d628ae2747fa7b96044f5c635bf,d744484a71e9a6e0e9e254e9c2b3cf287d1028a12727820d87ad6419,877c6c7189721557f33f1cdcdcee29d51d1fbb82e48926befb3b46ae,9305ba6e106ba70c179b981bcc8880a66a02385c570dde77b18bed9a,684f06c533ce39f20b34e1b89b454126d7b8ea1f9be555bcd6500370,da78aa3e2afcf534c712c90d84cfc1b5b0d9cfa41c758c4088c779bb,0001
a5f87a5d0367e708f17fdf200318294de87a218efb25bbc521f14e85,0000000000000000000000000000000000000000000000000002687d,a5f87a5d0367e708f17fdf200318294de87a218efb25bbc521bf89c3,a1fc570b45e4b01535e36ae0f00ab3b5c105f64fe4fff28a5eba41a2,60c1775cb04652463e29e7f390aa1c35bb46953d6890b542a69e85c9,a5f87a5d02b9c12385db01f8d1159639cbb77ae3f7bb5bd7d37a41d7,0001
af671af97ae1fe26b035aac16893b96c81aa103b1874746b1729a0af,af671af97ae1fe26b035aac16893b96c81aa103b1874746b147e50bc,af671af97ae1fe26b035aac16893b96c81aa103b1874745593bc9421,094b3a1c0bb5b353a5d446fee4f997802e6b15493921ebb33cfd64f8,6122a98dd6c044748f5959bfc25fafbecb136204d8100e0a8fcb1a1f,af671af98544a57518073a7b0b1c1171647813eb33ce38f42500983b,0001
e9c18e77dc9a5b41cfb3b21778a5abf2f50284c97a19e17483b346cb,c0bffb541b3803ead7a3b4f3815f4354f0b706006c7259f05d691323,48aaeb4606a387b2b638eb53e74111563c06c5e1794f57808695b6a4,6593fa6ebb4a13455831b41aaaf5857d499e6deb76a00837709097ba,2f5f5913332147b840d88ca24e2716e95376cb1a667b76f60e13b23a,e9c18e77dbbcc904330b5d59927160905878ca591cfaaa5e6bffcaab,0001
8f9fe3264d3d4a1a6e0cbb5339f011b7efe036ba9ac2b04a7fe02463,220e200fc31f72a9e75dfec6a6e855c7b1d30f418a3cf04af723a6c6,630c60438634a0c1ccd3d7dda9c56c0706b959b2186a90f842718242,2755bb1fd917f3bbc99a119fd51b5dc71e7af8271910b757732d44aa,10bee0d0cb195c3ef232445cbf8f24d77c388aa8ba75da38e6feb4be,8f9fe3263d58c20101c44f75af20b1b5ee2f0cd3bcc3369c08b9c21f,0001
fe1b18cbad99b7be1e57ea340596cc1b1afcb84594ff8ca976694d53,fe1b18cbad99b7be1e57ea340596cc1b1afcb84594ff8ca96cdd2247,fe1b18cbad99b7be1e57ea340596cc1b1afcb84594ff8c07fff6a663,f3e41120fc1087f5624a34a156c5f046356204127e06e8355bf62987,82812a6047f13c64a9e6233a5ad7d30d002fb8b2fc973aaf435db549,fe1b18cbaee2c7e2d1697e3e72abdb3fd4731a9586b8ed73b0d7d41b,0001
ca34ebb928573d78f3e723e1db6b35f02fe656a90cb6d46586e4fee5,3eae3b1f625c0adca0a3b518cc9f813a152a11e7c90121e2279bdc5d,31caf773ecc4d7263f69b1e493f900e5b212f0b416226f9fee88da2f,1ee8d79d1836a38bd8a431646a5091c611cbe1bcf7e78719fb2170eb,aee4a293a28d0e6e79716596f8eaad91ad2d188cb62952d90bcfd7c2,ca34ebb92b75287d851bd7545ccec671aa8e98c034bdfb0912906cf3,0001
fd7ab1729cb32b4370aedfc24bf7018beddbcab042c67b28b9243609,798d12a75f5f4bcd38b6f9aa0075862a61f1147dce49401824223eff,881291f75523573619a0b92e4bcdb7857e5c5e0c105c2a84a9e7cf9c,312ef1f2db66a08b530c4e202bcf9c3ce3f9b6ea8eb43c3122a2392c,f237ffcbb971b9ead0fdf57fe6898d7c9c8ac876991b5428c717c4e1,fd7ab172aa7a46c60c639ca46399875c749528fc96707a217accc5a1,0001
d18f0bbbcded18617b9089d8f69a16c0d990b69dc0cf74811b5945d9,8d514f3e9a72482a98757153bc6c70df49ef471785126253897da3b5,72f97e629b31e8387d88e1e13833df277ca24af2d37932aed063e392,a63efe334aed8894aac84f4590e911741de37be1fa9096598e91b97f,cd699dae5248ca361369e84cc7b8d0b2803218279a04fcd105b40a95,d18f0bbbc024cdadb72d2fea6c2750195f7a41ccf5511f57fe1fa3c1,0001
9d971846fa5d1c966b9b690cd62f2a34554c85fcd33e5b676702bdd1,856abfb5eff37dadcf8e83afe4b1dbe8d19af835f7bfbe8cdfdc1a4a,320b8e45e56afa4e5909946dbd54c9c73f44722d65480e3362a2216d,60d2798291eac901801c7b84197033c9a12404109c624a498ddb45e3,4e078dc0f49acef75c57b4ecf3d832264e0883fd612b90d7cb60f063,9d971847099f13c2e48ab2a9530dfc306ac7a5016026b5a93c4848d9,0001
e7a6fc1ffadf48d07ddbaa444795257d0cb94c1ea7f177bc63aac733,c19ea29f019fcd71d62171008ff246455fbb74f5815539683e4b0918,05cc126a0d632b51895db57e27fa8b66aedf70e6a3d3fc3bd466b86c,bc75eea97dd8d377a553c7014c5ce56f5927c1c6f8738352749e74c2,1eb6b2e594bea649457e2b74b1d9a5c046be209c23752288f6178bd4,e7a6fc1ffcf963e7b99ad1a247c862cc5a9663ce0ff7b2368064101d,0001
f5fe29df82049cb729f519d004737329866fbcf8a0767e28875399fd,d87b05684bfe663868905f0d1a6272586d750fa997a2853cde7353c7,eb240ef867d076af2eb56d34b102b38f6d6d8587387ceaf46bc55873,082635eda93b3d65fdfa5488dd3f3b78a033a9f41755c4b44acf9bf4,14cb89b04c258b241ad8a3922cd10d14b922592678861252fa5e12a7,f5fe29df7aabd22cbe806cd35c8afd72112c781970e57804c86a2993,0001
d1c18080c4f8280a0951b057e20a889e2cd56fbd5d31c1ddff1c4fad,24eb94003230af2a822cd8625c7cff5592d03b2a81a45d0673da2947,60f5a71bc7281cdd4a41a9955d4124c809fa52b4dd8265920d0fefb1,81e0d78e3b0b98d404c1c881fc70e29dd30849ae3dc1b68ce86b88a1,73988bdb9f5d56f716ed7a888e1a13348d0af66dda48ba231aef27d6,d1c18080c4ede91a55f7c6a6d3a4dd45fd08837b3908aa6836bf335f,0001
c1d83818604cd4b7b59c669a24dd9b6adaaccb488c1e01e8d932e4d9,c1d83818604cd4b7b59c669a24dd9b6adaaccb488c1e01e8d6190ffe,c1d83818604cd4b7b59c669a24dd9b6adaaccb488c1e01cd7b39000f,1d861144ca47e28726eb392589d7765733c777ef7b85ba36068bf47b,85e46de1813506d4e84f5ec481fea172d337f087f174f9f7850efd9f,c1d8381864108a21c20d73c9360fb0de4f740bddc2a03414522745c7,0001
ef1ca149ecdfc692a742658ac2dc4ecef173d068ef683dd9f3e62005,8d055da58e6461ba0153fbc88cb166b6b4c82879da0889c5fc929c1a,282e800d8a7d926a48f1ad7ae36bddb6738f70772f158fbc84a15631,80beacf6e187b4c42c7215951c91822234aa25457444372000b58d77,57026a97959b6f5e0311e3a528a2239a69ef6f576a1afa0b5c01f1f5,ef1ca149e2899a076d95de17acb955de0b0a6b83b4856474749878ff,0001
c6baff6c319b2054d9d84a96e392000a444225dfc40e46dfdc9a2ce3,c36084e9efb1856d81c4d1d9cc782821bc45d0430fdec3748cf209c3,4be29c5021f02f680db20eab101c1360de180949bb84c844430f2364,3ec6dfb415fe3b187a4a0a59f53a898d2b8df3c6b8ee6026ae947990,6c3781f7874a44ca283e896e73dc078de4e2ed347937e4e56a0649be,c6baff6c285c419b4f93af18235379d579ebe41e3c4f5e321f80e651,0001
a5745f1ac8a3b60ba9a4927c9f418d9bcdfc9a39276c4786507fcc65,9033a9d79e1957788078dc0fd686ed5a6d0f105654035feb77ee4bb4,37a6026dd03037b6e5eae7c20e4f57e8a65540220459f80a7d1f1355,2dc6cc836c64daea1e8e9f62f55fb4a294301bb4921c8c596dc7639c,8b3794d65fe455957431e105193c1c205351c22cd721a34fb1f5867a,a5745f1ac782eaf5909f40ef7de75f44b523b40043782397001f8c53,0001
d03221f88ab39e6bf1c62feb0190594a80ab380a3c5be090648bd66d,d03221f88ab39e6bf1c62feb0190594a80ab380a3c5be09059718b7a,d03221f88ab39e6bf1c62feb0190594a80ab380a3c5bdfc42d9a9cdf,b9633815689dbe6a1cafd7434b1cb493bbb49299b9d1fb78390564b6,12c3b22f6acf0d12e546e791ba26032dfcd4672cd1708088697e93b2,d03221f8982954f33e947c65ba67bb664fd8cd305e90275930f65211,0001
8196655699d3f1fa38bcdc32962a8856932973bfd5054fba1c2ff8d1,3f894aa04c38a362746dec070c6cf07d587d4550d8d92bcc8dab8fd8,5102d06b840a4cbb481c4ee9f94acb541e524591564f050ce9a37e75,232ca0a38cce8f05340cb2a8d8eb49b6ea7bb84be1f09d85edfed9ef,0d51178b61ee6bada4adc83d93ea8a6629f61ddbaf07873e82ad7762,81966556a436c7c9e557d62193feaad4ae00caa62acf1569176b8b25,0001
ab75221f1f1ef874ce45a749472e0941a1e7a96896d94bdecc40895d,ab75221f1f1ef874ce45a749472e0941a1e7a96896d94bdecafbd25d,ab75221f1f1ef874ce45a749472e0941a1e7a96896d94bd86725e95d,76cfa77c542f895c95936b5ef2f95d07b1520c3f9c6130ad8993b564,4e44b2401a7238f5597a65179554e430816dd0b8fd5e333c6721224d,ab75221f1ea105e53e6a6605c41da4e2fe3ce556416a971e61dcd721,0001
9e042f7edff6c7df1d97db7175d3742b9647a17d02905895e9cf802d,9e042f7edff6c7df1d97db7175d3742b9647a17d02905895e8ab17ca,9e042f7edff6c7df1d97db7175d3742b9647a17d0290589089d19e4f,8e83275ce346ec256cc89d1a858704e047c127a219f6488801be4e14,7d2a94690549e81738c1626455d98607f4f07e0a5e4e6356671c47fa,9e042f7ee7882da60b1d6c789b7fdb2c57fb8d11f7201abc1792d087,0001