0,11875505288147317830200390762674112356092670063956124105834091983722097596573428219416298045479223078317194893009747080068506308200922923941423569357891663,31 23 17 19 29 23 17 17 23 29 31 31 31 29 19 31 29 19 31 31 23 19 31 19 19 37 23 19 29 37 23 37 37 31 37 29 31 37 31 23 37 29 37 31 37 37 41 37 41 29 29 41 41 37 37 43 37 41 31 31 31 29 29 41 31 37 43 29 43 41 47 29 43 41 47 31 37 31 41 43 29 47 47 43 37 41 43 43 53 41 71 41 53 53 47 59 53 151 103 269
1,7146376151604661349642727703193547764661482531781047644471274075742733245824489238033742539901687663002649334222986195044478581619009406910872556201084119,19 19 19 29 31 23 23 29 31 29 29 29 29 23 19 23 19 23 19 23 19 37 19 29 31 19 31 23 31 29 29 29 23 23 37 29 29 37 37 23 31 41 29 37 37 23 37 37 43 31 37 37 31 41 29 43 41 23 23 29 43 47 29 41 47 41 29 37 29 37 43 41 41 31 53 29 53 43 47 31 31 37 43 47 61 37 43 67 41 41 53 73 41 71 71 71 97 127 127 71
2,7174413578760511462769243736672137158532120478826215162346554830804805752621911928728399923328775188214409109273844232527544021025921510418147331229124549,19 31 29 29 29 29 23 17 23 19 31 23 31 31 31 31 31 31 31 31 19 23 29 29 29 31 19 23 31 23 31 37 37 19 23 31 31 29 23 31 23 31 23 23 23 41 31 23 23 37 31 41 41 29 29 41 37 43 43 31 43 31 41 41 23 47 47 43 29 29 43 31 31 29 29 47 43 29 37 29 31 59 59 53 43 61 37 41 59 43 47 61 53 53 67 71 107 139 137 131
3,9924590209065792671654023849462575016198191019623969407826626870002699681739043236007611163938154591320659609896419029549524977327473236327922827918287059,31 31 17 29 23 17 17 29 17 31 29 23 19 23 29 23 29 19 31 19 23 19 37 19 31 31 29 19 31 31 23 23 37 23 37 31 29 31 31 37 23 23 31 29 37 23 31 43 29 41 31 23 43 31 43 31 29 31 31 47 43 29 43 31 37 43 47 47 31 31 43 53 43 47 43 43 29 43 37 41 43 47 59 47 43 43 47 43 67 59 47 73 71 47 53 59 73 79 107 223
4,7276318949278819637727474927999497229308860522005609611539982000438071157540775567017368903927602797272647963323245109414288884200014420386997372040100381,23 31 29 31 31 17 29 31 29 23 23 23 23 19 29 29 23 31 29 31 23 29 23 31 23 23 29 37 37 31 29 31 23 37 29 37 19 37 29 31 31 37 23 29 23 29 23 29 31 23 37 37 37 41 31 37 37 31 37 23 31 37 31 31 43 43 47 29 43 43 43 37 43 37 31 43 31 31 47 41 31 41 41 59 37 53 43 41 37 53 61 73 71 47 61 59 61 97 83 181
5,8680115064561144776862655102488907700688714359866648531393313584949290569876770676910735473276062379577627098018338384165648498924972709696050067356538371,29 29 19 17 29 29 31 19 17 31 17 19 31 23 29 29 23 23 31 23 31 19 31 31 31 29 29 31 31 19 23 19 23 37 37 37 29 31 37 31 23 37 41 41 31 37 31 29 41 23 37 31 31 43 43 31 31 41 23 23 23 41 37 43 43 43 47 43 29 31 29 37 31 29 41 41 43 47 41 41 41 47 47 47 59 41 53 43 59 53 61 53 73 47 71 73 79 61 101 109
6,11425245166326986355824558105348426811511102368270968933049100568865917704146539635258645604787573830197449503225494157346766510030853554651362202067230237,23 19 31 29 31 31 17 17 23 31 23 29 23 29 29 29 19 19 29 23 23 31 23 19 19 19 19 31 29 31 31 37 29 31 29 31 29 23 37 41 37 37 37 29 23 37 31 23 31 43 23 41 37 41 29 23 37 43 41 29 41 41 43 47 29 43 47 29 29 47 41 43 31 43 47 41 43 37 41 43 31 43 29 43 47 59 59 53 41 43 47 73 47 73 59 71 53 101 103 197
7,9115796439450498946344179976650859598140837765629711650627618650535298535511986003727899487676215849410514933779909919004398142559972234299129331123390757,29 17 23 23 23 19 23 31 23 29 31 19 23 31 29 29 23 23 19 29 19 19 37 29 37 37 19 23 31 31 37 37 31 37 19 37 29 29 29 29 37 29 37 37 29 41 23 31 31 37 29 29 23 43 37 31 41 41 43 41 37 41 31 29 37 37 47 31 47 31 29 43 47 37 47 43 31 37 47 41 43 43 47 31 41 53 53 41 61 61 41 53 61 53 43 53 89 97 59 157
8,9147103923612989920753551268144232702930631510752482707744026149578908439945580389062806956727509789101102220437587136487603151047261920815388956930639073,29 17 29 31 17 17 23 29 17 31 31 31 31 31 23 29 29 19 29 23 29 31 31 31 31 37 29 37 19 23 19 29 31 31 23 31 37 23 29 23 37 23 23 41 31 31 37 37 37 23 41 23 43 43 29 41 31 43 31 41 43 23 37 37 31 43 41 47 37 43 31 43 41 41 43 43 41 31 29 47 31 41 29 37 47 59 41 47 59 59 61 59 43 59 47 89 61 83 107 137
9,9994091469852025859877890995951597081246401427917684912953919897015466776648320761320052159439910043934708979364795105225459581846226716369045957050006689,23 23 31 19 23 31 19 31 17 19 23 31 31 23 23 31 29 23 29 29 29 31 29 23 19 31 37 23 29 37 19 37 31 23 29 31 29 23 37 23 37 29 31 23 37 37 37 23 37 37 37 41 37 23 29 37 41 31 31 31 41 31 29 47 43 37 47 31 37 37 43 47 29 37 41 37 47 31 37 29 47 53 43 53 43 61 47 43 37 53 53 73 53 41 61 89 61 89 83 199
10,12101136041366802018518172778716233837644777779774779298733824506332198744678211796890751283618045728469232650004540587535201290044801919695034292627698091,31 23 23 29 31 23 29 29 23 31 17 23 29 31 19 23 23 29 29 29 19 23 29 19 31 37 23 29 23 31 31 23 29 23 23 23 29 37 23 37 31 29 29 41 23 31 29 41 31 31 23 43 23 41 37 43 37 43 23 41 37 43 31 41 43 43 29 41 41 47 37 37 31 37 41 41 29 37 47 31 29 37 41 43 59 59 41 37 59 71 59 53 73 47 79 89 53 127 79 199
11,9198367837151436148882985590484095844444914268833535328826502304508042878314162057572317042671463014726963699809227620236984189113142187059854695765593391,19 17 31 23 23 31 23 19 23 29 29 31 19 19 31 19 29 23 19 29 37 29 29 29 23 29 29 23 29 19 29 37 31 29 37 23 31 31 31 37 37 37 31 29 31 37 37 37 29 29 37 23 29 41 43 29 41 31 23 43 29 29 43 43 29 47 37 41 37 37 41 47 43 41 43 47 29 41 43 41 37 43 37 31 47 43 53 59 59 61 61 59 59 67 47 67 43 59 113 157
12,9890222663140399403092593423063263376083776529108594212610290045464884126651984719999759642765135964038517043688712941330260096872553040445650207109735569,19 29 19 31 31 23 29 29 17 19 31 31 31 29 23 29 19 23 23 23 23 19 37 31 37 19 37 31 31 31 31 23 19 23 23 23 37 23 23 31 37 31 41 23 37 37 37 41 23 23 23 23 41 43 23 37 43 37 37 41 23 41 37 41 43 37 47 37 43 47 43 43 37 29 43 31 29 53 31 43 41 47 37 61 37 47 59 61 41 59 71 53 59 59 61 43 79 79 83 263
13,7143724427448644569148632620604440995410801155596754949876092056831933953419708075193504259945437509648077771927108036614836540647352821467370267535130897,29 19 19 23 29 31 17 29 17 29 29 19 19 29 19 19 23 23 23 29 23 19 37 29 19 29 23 29 19 37 31 31 31 31 31 31 23 23 29 31 23 41 37 29 29 31 29 37 23 43 29 29 29 43 29 23 43 37 47 31 41 47 47 29 29 31 43 41 29 41 29 31 37 53 53 37 31 59 59 31 37 47 59 37 53 37 61 43 71 41 53 61 61 47 67 109 113 103 109 157
14,12893087398944268926416750815817979284112812162763627507557411101263386370087051776708932195368077554040320002739802204140816916499746246577593858014592981,23 17 31 29 29 23 19 31 29 23 23 29 29 19 31 29 31 29 19 23 23 31 19 29 37 19 19 37 37 23 19 23 31 31 31 23 29 37 29 29 31 29 29 31 41 23 41 37 31 41 29 23 31 41 43 37 41 43 29 37 41 31 37 29 23 37 31 29 37 47 47 47 37 41 43 29 31 31 31 47 37 41 53 37 47 37 67 53 53 53 53 79 73 83 41 73 79 73 107 251
15,7826429569723194651418005301160073921198449224484312557201368684244863110879677912834757029149839052981926452482167482610597072444245301997400186805721971,23 29 17 19 23 29 23 23 31 17 29 31 23 31 29 23 23 23 23 23 37 31 29 37 37 31 23 29 29 19 29 31 23 37 29 31 29 29 31 31 37 23 23 31 31 23 41 23 41 41 23 23 43 41 23 31 31 41 41 41 37 43 41 23 41 47 37 41 47 41 43 43 47 31 47 29 37 43 29 31 37 41 29 59 59 41 61 59 61 67 67 67 47 67 47 47 73 59 127 83
16,12940493075815180922530016778067450501886297890088045464370527491011058274157386811679917636111280683513075822786624961256458380017839537885422340109260223,31 19 23 31 29 17 23 17 23 19 31 23 29 19 19 31 31 19 23 19 19 37 37 29 29 19 37 23 19 29 23 31 23 31 23 31 23 41 41 23 37 29 31 41 23 41 41 41 41 29 43 37 41 29 37 29 37 43 41 43 43 41 31 41 23 41 41 31 41 47 29 37 31 31 37 37 29 47 53 53 29 43 59 47 41 41 53 41 59 71 47 43 67 43 47 83 67 73 179 227
17,8458235432142922284002310199748649378998061624732250183719123458713760352796007053920975497219843659525036581097573317708724453306665398640431649899376407,23 19 17 19 17 23 19 29 19 23 23 31 23 29 23 29 19 23 23 31 29 19 19 19 23 23 37 29 23 29 31 23 37 31 41 29 29 37 23 31 37 37 23 37 43 29 31 29 23 31 23 41 41 29 37 31 31 29 31 31 43 29 41 31 41 37 47 29 41 53 29 29 47 47 43 37 59 31 43 41 53 43 43 43 43 43 61 71 71 73 53 79 53 73 67 61 103 101 127 107
18,9492437945449699731087803593030342609008800109794860787357879867941156035273664476937811257584041462248851704427155874983132124638807078866752593519046001,17 17 23 31 23 31 29 29 17 29 29 23 31 29 23 31 29 19 29 23 19 29 29 23 19 37 37 19 23 37 31 19 29 37 31 37 31 37 31 23 29 29 41 31 23 29 41 41 41 31 23 31 37 41 37 41 23 41 43 23 29 31 37 23 29 47 43 29 37 37 43 37 47 29 31 43 37 53 31 43 41 31 43 41 53 53 41 41 59 59 41 67 61 73 89 71 73 71 157 149
19,9638363546833204393938427148420774088660577430045840870911127319429942612030637284488818407767916561547671159174073135150837285103011350326745109073309173,23 17 29 23 29 19 29 29 19 31 19 23 31 29 31 19 29 29 19 23 29 19 29 23 31 19 23 37 31 19 23 31 23 37 37 29 23 23 37 31 37 31 29 23 23 37 31 37 23 31 31 31 29 37 43 43 43 23 23 37 41 47 43 41 37 37 37 31 29 41 41 43 43 53 43 41 53 47 53 41 53 43 53 43 47 37 43 59 47 37 41 41 67 47 83 61 103 67 127 191
20,7387989060172147538995827080766603050997203551346573306264474489760947163847376300075018297023454884266514013763716952905179888977992639986801467862030019,19 19 31 31 17 29 19 31 17 23 19 23 29 31 19 29 29 29 31 23 19 37 19 37 23 19 29 19 37 29 31 37 23 23 23 31 31 31 29 41 37 23 29 23 37 37 23 23 31 41 29 37 37 31 43 29 41 29 37 41 37 31 37 47 37 41 47 31 37 41 31 37 29 41 41 47 43 43 47 41 47 53 47 43 37 53 37 41 61 41 47 41 67 67 97 89 53 113 79 191
21,8598639449607952358214499720580727316867212910315989971760581970291785765231303166051880357691366309331401777146237505663646863128975476212135295658580027,19 31 23 31 17 31 29 31 29 31 19 23 31 23 29 23 19 23 29 23 29 29 29 23 19 23 23 29 37 37 37 23 31 29 37 37 37 29 23 23 31 23 37 29 37 29 41 29 31 31 29 31 37 23 23 41 41 41 43 23 43 31 43 29 41 47 41 43 37 47 37 47 47 47 47 29 31 37 37 43 43 43 53 31 29 59 43 43 47 47 59 61 43 47 79 43 97 73 67 227
22,11550260910292601179554217447610888994412703362790416621032013179931476937116992143922603268382256055103239103238789284210367387632879321654145909335316573,17 19 29 19 31 23 19 17 23 29 19 31 23 31 31 31 29 23 23 31 19 37 37 19 29 37 23 23 23 31 23 37 31 31 29 29 31 29 23 31 23 37 29 31 31 31 29 37 31 37 31 31 31 31 43 43 29 41 43 29 29 31 41 47 41 43 41 47 47 37 43 29 41 31 43 37 31 31 41 43 37 31 43 59 41 53 59 53 61 37 37 61 43 73 61 67 73 83 139 229
23,7302727380159009872625628156272248390234343030904804598836474649720860607171377175837972954154730600732975674400010957345152239333674120512921644152413843,29 19 19 19 19 31 17 23 23 23 23 29 29 31 31 19 23 31 19 29 37 37 19 29 23 31 31 23 37 31 37 29 29 19 31 31 31 31 29 31 23 31 23 41 23 37 31 31 29 31 41 29 29 31 29 37 23 23 29 31 43 37 31 41 37 37 41 43 37 43 43 41 31 47 37 31 53 29 41 37 37 61 37 43 41 59 53 61 47 61 53 43 67 71 83 67 101 107 67 199
24,7680283829649316720412429945504731510660578818596973639587640805468261777859097953521570094216153004133094330892116085157243721773493439983233933620842121,31 29 31 19 19 29 31 19 19 29 31 19 31 31 19 23 31 29 23 19 23 23 37 31 23 23 29 31 31 37 29 37 23 31 23 31 23 23 31 31 37 29 23 37 37 23 31 41 23 41 43 41 23 31 31 23 23 43 41 23 37 37 41 31 41 43 37 47 47 43 41 29 43 47 47 29 43 47 29 41 41 47 47 47 59 59 31 53 61 41 47 67 53 61 43 59 53 89 67 277
25,11451593979165533443295749976875903277101880584212358381008679541488463924602594994202888222473835251129822458753487171216870945906225508057050836038248399,23 17 23 29 17 23 31 19 31 29 19 31 19 29 29 29 29 29 29 31 29 19 23 29 23 31 37 31 23 37 19 23 29 31 29 31 23 23 37 29 29 31 23 23 41 23 41 41 43 31 43 37 31 37 41 31 23 23 43 29 37 37 23 41 43 47 37 43 29 41 37 41 37 29 43 53 37 43 31 47 53 43 31 47 43 61 61 37 43 67 47 61 41 61 71 61 101 83 83 251
26,11554850087739074997901970447330508054824265828504969999261348174597252824771814532803580461620793793222957762292845648744011530750188051037253329572673833,17 29 31 19 29 29 31 17 17 31 19 29 31 19 23 23 19 19 29 31 37 29 37 29 31 31 19 29 31 31 31 23 31 23 23 29 23 23 31 23 23 41 31 29 29 37 29 31 23 31 23 41 29 37 23 41 23 31 41 31 31 41 47 47 29 43 31 47 29 29 37 31 41 47 29 43 43 59 53 53 37 43 61 41 47 53 47 37 67 47 43 43 79 53 73 127 83 103 151 191
27,11150479547455002536431322112214585563350453496591350392376796971093146038722411657355841463055103740346348717899931655971389935266334929316384655989890807,31 23 23 19 17 29 29 31 19 29 31 31 31 29 19 23 31 31 31 19 19 31 29 19 23 19 23 31 29 31 29 31 23 23 29 37 29 23 23 29 29 23 37 37 37 23 29 29 37 23 31 41 37 31 43 23 37 37 31 41 37 37 31 31 47 47 43 37 47 31 31 43 43 41 29 47 31 37 43 31 59 43 43 41 43 37 37 67 71 73 43 47 67 61 67 67 97 103 101 211
28,7065030228999503582952836907615155899405265404550157535342152282803091223748752919101849790938094170649485243179117906458491812240480304122402111318418153,29 19 23 23 19 31 19 19 29 19 23 29 29 29 29 23 31 29 19 19 31 23 23 37 29 29 37 37 29 29 29 37 19 31 29 29 29 31 31 37 23 31 29 31 23 23 31 29 41 37 31 29 31 43 29 31 23 23 23 41 43 31 47 31 37 31 41 41 31 41 47 29 37 53 37 29 29 43 37 47 61 47 61 61 61 37 37 59 37 61 47 67 43 71 89 67 71 83 131 137
29,12424456594870759384670005641127592346417279714197850834101228457530276140494455875233776302074369337287920943865074109257102248756126650857564253148516891,29 17 17 31 31 31 23 19 19 19 29 29 19 23 23 19 23 19 23 19 23 19 29 19 29 23 23 29 37 29 29 31 23 37 29 37 31 41 41 31 31 23 29 31 29 41 23 29 41 31 23 31 29 31 37 41 29 31 41 43 31 37 37 41 47 31 41 41 31 31 43 37 29 43 41 43 41 59 31 53 37 61 47 53 37 59 43 73 43 61 41 43 71 89 89 71 79 73 67 433
30,6949779360455419122197877382182281150924105873475333340619882829465537895536199775270446783138034595446991605687836262342300885690243193114086812560762023,31 29 23 29 29 29 31 29 29 19 29 17 19 19 31 23 29 19 19 29 31 19 23 31 23 23 37 19 31 19 31 29 29 37 29 37 37 23 29 29 31 37 41 29 41 31 31 37 31 37 31 37 29 37 31 41 23 29 29 23 41 43 23 47 31 29 43 29 37 29 31 47 43 37 29 43 41 53 29 47 31 53 41 61 59 59 43 59 59 47 47 61 53 67 53 89 61 73 97 163
31,10242598724229945360583532324910653210929297041453808463467996888400281884352619233518239288615774962324750801829285018469242815795290260700201992995478383,17 29 19 23 31 29 31 23 17 31 23 23 23 31 23 19 23 23 19 23 19 37 31 31 31 31 37 19 29 29 29 37 31 23 37 23 23 37 31 31 37 29 23 41 29 41 31 37 31 41 23 29 43 29 31 29 29 31 37 23 29 43 43 37 29 43 37 43 29 29 41 37 37 53 29 31 53 37 43 43 31 41 43 53 61 47 59 59 61 37 53 43 67 61 97 59 67 101 113 211
32,11415400517166368363158252327337249115627436122018111388109375842842306667567914672778277777552238277039029659953063244727322289161983691125198484759046893,19 31 19 17 19 29 23 17 29 29 31 29 29 23 23 29 19 23 19 19 23 37 29 19 31 29 31 31 29 19 31 29 37 29 23 31 31 29 23 23 37 31 29 31 31 37 41 41 31 23 37 41 29 23 23 23 23 37 47 41 37 47 47 47 47 47 43 47 37 29 41 43 31 47 31 31 31 43 37 31 41 53 61 61 41 43 47 53 67 41 61 73 41 67 83 73 79 79 103 179
33,9721298881794239151547309341411036183940199864856894811598599841176893858727327847817870654790566144050743364193548505408514578111172712100283984294124581,23 23 29 23 17 17 23 23 23 29 31 23 31 29 29 29 31 31 19 23 31 31 19 37 29 19 29 19 23 37 19 31 23 37 23 23 31 31 29 31 23 41 29 37 31 23 29 41 31 29 43 37 23 23 23 37 23 31 41 29 41 37 29 29 43 43 29 31 41 43 41 53 43 47 29 43 47 59 43 31 37 43 43 41 37 47 61 71 41 59 73 79 53 59 67 61 113 113 83 211
34,10236439505740538696426164763980783854545158442331933957756313999647243535667753578262947256286252845424796729917687102679494811008741385534097956055798179,29 19 29 23 31 17 31 19 19 23 29 23 31 19 29 19 23 23 19 23 29 23 37 29 19 19 37 23 37 29 37 23 37 29 23 29 29 31 29 41 41 29 31 29 23 41 23 37 43 31 23 31 37 37 37 29 23 29 23 37 29 47 47 47 41 37 31 37 31 43 47 31 47 31 37 41 43 41 41 29 31 37 53 37 37 37 67 41 79 41 79 83 71 59 53 103 79 127 113 179
35,10384526787700853376444417695721902012033473424668996340939703532450189689595654477494717929084042515410552982012528157517971934118935097644322676739740387,29 31 23 29 23 17 29 17 17 31 23 31 23 29 23 19 31 29 29 19 31 31 29 31 23 37 23 37 37 19 31 19 37 37 23 31 37 37 23 29 31 29 23 29 37 41 41 23 31 37 23 37 29 43 31 43 23 29 23 31 37 31 43 43 47 29 29 41 37 41 47 37 47 29 43 37 37 47 29 31 41 47 37 53 61 43 41 59 67 47 59 37 61 67 47 73 89 103 127 131
36,9082147976111531545092580501737663892476276026920741696819975195061712606160742674709924537552864511036588356870196549351011047896545390124519747890052839,17 29 19 17 23 17 19 19 19 31 29 29 31 23 19 29 23 23 37 23 31 19 29 37 23 37 37 29 29 19 37 31 37 31 23 37 23 37 31 37 23 29 31 29 31 23 37 29 37 23 37 31 31 37 37 29 31 37 41 37 23 37 29 37 41 37 43 41 41 41 29 37 31 43 31 37 47 31 37 37 61 61 37 37 53 59 47 47 59 61 73 41 73 59 79 89 83 83 83 157
37,7512896254987271711876572616863585910827334267892327025566703248134912404547199282715206784250822200989702314939861838200913883563144463012579933431558427,23 29 23 17 31 29 17 19 31 17 23 31 29 19 19 31 19 31 31 29 19 23 29 23 23 31 37 19 19 37 23 29 37 23 29 29 31 37 31 31 23 31 41 37 23 23 43 29 37 41 37 37 23 43 41 23 37 43 23 43 43 37 29 29 29 41 43 47 43 31 47 31 37 43 29 41 53 53 43 37 53 53 53 47 41 43 47 41 47 59 37 79 41 61 89 89 71 83 109 101
38,10580829118316225152039285469222594494728981328114196487330361245431094541160640100385775142661771914530919914300579132032647728808310996131607665355017331,19 31 31 31 19 19 17 31 17 19 23 23 19 29 31 29 31 29 31 31 19 23 19 31 19 19 37 29 19 29 31 29 37 37 29 23 23 31 23 23 23 41 23 23 23 23 31 41 31 43 23 37 41 31 31 23 37 43 43 29 41 43 41 37 31 37 29 29 37 43 37 53 37 37 37 53 43 47 37 61 59 37 43 41 59 41 53 43 59 79 47 71 59 73 73 59 67 127 83 271
39,13157700580338425300453953317080030726845726601607131882662223971507940210575779911182833676738394904975463465211870232096353740301473347865068237929552797,29 17 17 31 23 19 17 23 19 31 23 19 31 29 29 31 31 31 31 31 23 29 19 19 23 29 29 19 23 31 23 31 29 23 29 29 37 29 37 41 23 23 37 29 29 31 43 41 23 41 31 41 43 43 37 37 23 37 29 41 41 43 31 41 37 31 47 47 43 31 43 47 37 47 41 43 47 37 47 53 29 41 31 37 37 41 59 59 43 53 41 73 67 43 41 53 53 67 101 607
40,8408605101839404380740433515707515516814762759724504885130747167813766153685165742448275684719741717740400052374582574821248624974695412230830305762606801,29 31 29 17 17 23 31 29 23 23 19 23 31 23 29 23 23 23 23 19 37 29 31 29 29 23 23 29 29 29 19 29 29 29 37 37 23 29 31 29 23 29 29 23 41 37 37 23 29 41 23 41 29 29 23 23 31 31 29 37 29 43 41 37 43 31 41 47 31 37 37 41 31 29 43 43 31 37 47 41 61 53 47 53 67 41 47 61 59 53 53 41 79 73 71 67 71 97 163 127
41,10597360042104103555448272156283033725675839409856445698404418483024375878006534813811424417579804625352336514494823718720174535440781042456702811697931429,19 19 19 17 29 19 19 29 31 23 31 29 31 23 19 29 23 23 29 23 31 29 19 29 37 37 31 23 23 29 23 23 23 23 31 37 37 23 31 37 23 23 41 37 29 31 31 31 23 43 41 43 31 31 29 29 41 31 37 31 43 41 47 43 29 31 47 29 37 41 37 29 37 43 31 31 43 37 53 29 43 53 43 61 41 53 47 67 53 37 43 61 59 71 73 89 67 73 163 193
42,12151776120429763206410092701102633327781249838359998114940245618559312128904893118574301397374056353764468712118974167004930636263658352619994525811380619,23 19 29 17 29 19 17 19 23 23 29 19 29 31 23 19 29 19 31 31 29 29 29 29 31 23 19 29 37 19 23 37 23 31 29 31 23 23 31 23 41 31 29 29 31 43 23 41 23 23 41 37 43 29 23 23 37 43 47 47 29 41 31 47 29 41 31 47 29 37 47 31 37 47 53 43 41 41 53 29 53 41 41 61 43 37 67 61 67 47 71 59 79 71 67 53 61 107 107 167
43,11454679522907579683715716447047583377513128404389259408626461649775004101136102067881053037414744034409397983924659869594011855601234712067618377803971283,31 19 31 23 23 23 17 17 19 31 29 19 31 19 19 23 23 23 29 23 19 19 37 31 37 23 37 19 23 29 31 37 31 23 29 37 29 23 31 31 31 31 23 41 23 23 29 29 23 23 31 23 41 31 43 37 41 43 37 43 47 41 37 31 31 37 43 41 41 43 37 37 41 37 43 43 37 29 61 43 37 61 41 37 47 47 67 67 67 67 37 67 43 83 89 59 83 59 107 239
44,13390510206452057834584110123197669129857473121694738147392264816833503780805031488224521894501226954306491015462343955057533433834716570531430205799236043,31 29 29 23 19 23 23 29 19 17 31 19 29 23 31 23 29 23 19 23 19 37 29 23 23 23 31 31 23 37 37 31 29 29 23 23 31 31 31 29 23 23 37 41 37 37 31 31 31 29 29 43 41 37 29 31 23 29 31 43 29 37 41 29 37 41 29 43 43 37 31 43 43 53 53 43 41 53 37 29 37 41 47 59 47 59 61 41 59 43 61 59 61 71 61 79 53 53 67 349
45,12747952077379281555663284488261166847303733877862679634886417861715604845722647152539654631354681819601990593585491939767212229603773409844223346417912413,29 19 29 29 31 31 17 29 17 29 17 19 19 31 19 29 19 31 31 23 23 37 37 37 37 31 23 23 19 37 19 19 37 29 31 29 37 29 23 23 29 37 31 31 41 31 29 37 41 37 41 29 29 23 37 41 37 41 43 31 43 23 23 47 37 37 47 43 43 37 43 29 31 31 43 43 41 29 43 37 47 41 53 53 37 37 61 53 47 37 61 37 71 83 73 67 89 97 83 137
46,8383638855608950457128207567230331977122731258008425802002181702878975308316996079787554147472830185910883221824873571421852110380372611733591575248271727,17 17 31 17 23 19 29 23 29 31 23 29 31 19 19 31 19 23 29 29 29 37 23 19 37 37 31 37 37 31 23 23 23 29 23 37 23 23 23 29 37 29 29 31 29 41 41 31 23 43 41 23 31 23 41 41 41 23 23 37 31 47 43 29 37 29 29 29 47 31 53 47 43 53 43 47 29 43 31 47 41 43 37 53 53 53 59 43 41 67 53 71 67 83 59 83 89 97 73 97
47,6923872252165298828342604695598190034852083590297838528567919518555467928662739217861077104198910486145331717174431872163968603040700400928857955288110237,19 17 23 29 31 17 17 19 23 31 29 31 23 29 19 19 19 31 23 19 19 31 37 29 23 19 29 31 37 29 37 23 31 37 23 37 31 29 31 41 29 41 23 31 31 29 37 37 37 41 29 41 37 31 37 29 37 37 29 29 43 37 23 43 41 43 47 37 37 41 29 29 47 43 31 31 29 43 43 29 59 37 37 61 61 59 61 53 37 67 53 73 43 59 41 79 53 109 73 199
48,9836762039666007666905579692415663463069008647423209135368738378988900258132201665110924622882906947030284598147914817787721150768698076441060012009315899,19 17 19 23 31 31 17 31 29 29 19 31 19 19 23 29 19 31 23 31 31 29 29 23 23 29 31 23 29 29 19 29 23 23 31 23 29 31 41 37 41 29 41 29 31 31 41 23 29 37 37 43 31 41 43 37 41 41 29 43 23 23 23 47 31 37 41 31 31 41 43 31 47 29 43 37 47 37 53 31 37 41 61 43 61 37 37 41 59 73 59 43 71 47 89 67 61 97 97 293
49,8714833645689971920874539394753435484769662943671894471106428076086778786970753682730365618977183677020040208440635898434403440498930620493036599823376157,23 23 31 17 29 17 29 23 23 31 23 31 31 29 23 31 29 19 31 19 31 19 23 37 23 23 19 31 31 29 31 23 31 37 31 37 23 29 23 31 29 29 29 41 23 37 23 37 37 37 43 23 43 23 31 41 41 23 23 43 37 37 41 47 47 47 29 47 31 47 41 29 47 29 37 29 47 31 31 31 53 43 31 61 53 43 59 59 61 37 37 61 43 73 67 97 71 67 157 167
50,11235943420575586884220110356799284044270695604849352600861079591913690892588687713537458321990092900763572169004789631930523193488717690421012759261003159,19 29 29 23 17 31 17 29 29 29 23 19 23 31 19 23 19 19 31 19 29 37 29 37 31 23 23 23 37 37 37 23 23 31 29 37 23 37 37 31 29 29 23 37 23 29 29 31 37 29 37 31 29 43 31 31 29 43 31 41 29 31 41 41 31 31 31 47 47 47 43 31 41 37 53 41 47 47 29 29 37 37 41 43 59 53 61 59 59 47 71 71 47 73 61 61 53 73 103 173
51,12380583393741587726518503679392542575128298322527948766487941820974833166140883066606935740080051154061539560646165417976967532666578361001205233160760503,29 17 29 19 31 31 23 31 29 29 29 17 31 31 31 23 29 23 23 19 19 29 19 29 19 31 19 19 19 37 31 37 31 23 23 31 37 23 37 31 37 31 37 37 37 23 29 41 29 23 43 37 23 31 43 31 41 23 43 41 29 37 29 31 41 41 41 41 41 43 37 29 37 31 43 53 41 43 31 43 31 47 31 37 61 37 61 37 73 71 59 61 43 47 61 67 113 103 101 239
52,11411575989877984390664897478381321848989147167345882323086640637799129166310937096488981265492854693545199407430992543545033573719566224746748162502292347,23 31 31 17 23 31 31 31 23 17 23 29 23 19 19 31 19 29 29 29 19 37 19 19 31 29 31 31 29 23 29 23 31 37 29 23 31 29 23 37 37 37 41 41 23 29 29 37 29 31 37 43 41 29 23 41 37 23 23 41 31 41 29 37 29 41 47 41 31 37 29 43 43 41 53 47 37 53 29 43 37 37 43 37 59 43 41 37 53 53 61 79 61 47 73 61 97 71 67 367
53,8400786137970334675524247658117694397339556934432776002873990217827578891537199652785899380725097451072242162215053744862608326081094288750095630351908259,19 23 19 17 31 23 17 23 29 19 19 19 23 29 31 29 31 19 19 31 23 19 29 23 31 29 37 37 19 23 29 37 23 29 23 29 37 23 31 41 37 41 31 37 23 41 31 29 37 29 23 23 31 23 23 31 43 29 47 41 37 47 47 41 47 31 41 47 29 41 41 41 47 43 53 29 29 41 41 31 59 59 37 59 53 59 53 37 41 43 59 61 67 73 79 71 79 59 71 263
54,8535517771739815698089901490301529478387478080093631519025740484829297243481601650838998662268434280908012157930362720813787189881201984972924665734411359,29 17 31 29 29 17 23 31 23 29 23 31 23 29 19 23 31 29 23 31 23 23 31 23 29 19 31 29 29 31 19 37 31 29 37 23 31 31 31 23 23 23 37 41 41 31 31 37 31 23 41 31 31 37 23 37 43 29 31 29 31 43 37 37 43 43 31 31 43 37 31 43 31 31 29 41 29 53 41 37 41 41 59 59 41 53 59 47 59 43 43 41 61 79 79 67 97 53 173 131
55,10229209406063075964369561408606234630889167192289245439727116061427274050944499692871643394656872524774230466285438936097912915793142400802095366800083633,31 31 19 17 19 31 29 29 31 29 23 23 29 19 29 31 29 31 29 29 19 31 19 23 37 29 37 37 37 37 23 37 31 37 29 37 37 23 31 31 23 29 37 29 29 23 37 23 31 31 41 29 29 41 37 31 37 41 31 31 31 29 29 43 37 29 43 37 31 23 37 37 29 37 29 37 43 29 31 37 53 29 37 61 37 61 43 37 47 53 47 43 67 73 73 59 89 67 101 373
56,8016760274941228030001283064522359431973458897341329514968571219082126271347571185583378686339609527386524488243995103147171427163203577523609663982783137,31 29 31 17 31 31 19 19 31 31 31 31 31 17 19 31 19 23 31 29 23 29 19 19 31 23 31 37 37 29 23 37 37 31 37 37 19 29 37 37 23 31 31 37 29 31 23 41 37 41 37 29 41 37 41 31 31 31 31 41 43 31 41 37 29 37 37 41 31 29 37 29 37 41 41 43 41 37 47 37 47 43 41 37 41 53 37 43 41 59 43 53 37 61 59 43 67 113 97 139
57,10612670545835238951075132324487126741147201270127250003910234837434478994525495233471541381819963450930372172572348596639463326004630843527969684856671271,17 23 29 29 19 29 23 31 17 29 29 19 23 29 23 31 23 29 31 23 31 31 29 23 19 37 29 23 31 37 37 31 19 31 37 23 23 31 29 23 37 37 23 41 23 29 23 37 31 41 43 31 31 23 41 23 37 31 37 37 31 47 29 41 43 31 37 41 37 47 41 29 31 31 47 47 41 29 53 29 29 31 47 41 47 37 53 71 47 67 71 79 43 61 67 83 97 53 113 227
58,8503152428707496897320994741120882800210274995271513241493127445351997103460219416191125654915943141851008074614297151359402086374645755059670103356506017,17 29 29 29 19 17 29 17 19 23 19 29 19 29 31 23 19 31 29 19 29 37 23 29 23 19 23 29 19 31 23 23 37 23 37 29 37 23 29 31 23 41 23 37 41 31 43 29 29 23 43 41 37 31 23 43 41 31 41 29 47 47 29 29 43 47 43 43 31 29 47 31 43 41 47 47 31 41 53 29 37 61 41 53 37 59 43 47 59 67 43 59 79 59 89 71 89 79 67 173
59,9352804450815209603876748864319684863959708243189448582453051904960246926408511246463365520949385899506449440999994353076663829236551429250327247069677903,31 23 17 23 29 31 17 23 17 29 29 31 23 19 23 19 31 29 29 19 23 29 37 37 19 29 19 23 19 23 37 23 37 23 37 23 29 31 31 31 23 41 31 41 31 37 23 31 23 41 41 29 31 41 23 43 23 23 37 31 43 29 31 47 43 37 37 31 31 31 43 43 29 47 29 29 53 31 43 37 41 41 37 43 47 61 53 73 59 59 53 67 59 89 61 107 83 97 113 263
60,13394236611856122752236960076383948141644082227952931540538118987995854872499757480169379072408747422872638796494690566024306525072450314134807734300728937,31 29 23 17 23 19 31 23 19 23 31 31 31 23 23 19 23 23 29 31 31 29 29 19 31 23 23 19 19 29 29 37 23 29 29 37 29 31 31 37 29 31 29 41 29 31 41 31 29 31 37 31 43 31 43 31 41 37 37 23 43 29 37 41 43 31 37 31 29 37 43 37 37 47 41 47 37 43 29 37 37 37 37 41 59 37 53 67 37 71 67 47 67 71 61 73 71 97 79 233
61,8083302249157872804850417201884915371232916967198833327606975587632114466797068979980588078453958550976495235043842719403509106897583877499996473789453733,23 19 31 17 23 29 23 17 29 23 23 31 29 31 31 19 29 19 19 31 37 31 23 23 19 23 23 29 23 29 29 29 23 23 29 37 37 37 23 31 23 37 41 41 31 37 37 41 23 23 23 31 41 43 41 23 37 29 41 37 37 31 31 31 29 29 29 47 31 31 41 37 43 37 53 53 37 29 41 37 61 47 53 61 59 43 43 47 61 41 41 71 79 59 67 79 67 73 107 197
62,13259468323238667313036531075111516466256190854484318856668148962934457566720773545914565418153598683891016996737370251353964774826700509894028659728453561,19 17 31 29 29 31 23 23 29 31 23 31 23 29 23 29 31 19 29 19 19 31 19 37 37 31 37 37 19 19 37 23 29 29 23 37 37 31 37 23 23 37 31 31 23 23 41 31 37 37 29 29 37 41 43 43 29 41 29 43 41 29 23 43 37 23 41 47 41 29 31 43 43 43 47 41 29 29 43 43 31 29 37 43 37 41 59 43 67 71 61 61 41 79 43 61 73 89 101 307
63,13266085852914269781003626621426107579369805582291106048221701263733203610707327008694339933475008426667720713830573958500430908895597821384068947545700919,17 17 29 23 19 17 31 23 29 29 31 19 19 29 29 29 29 19 31 29 29 31 19 31 31 37 23 37 29 31 37 19 23 23 29 31 23 37 29 29 23 29 41 41 37 31 23 23 43 31 43 31 31 29 43 29 41 37 31 29 29 31 31 47 31 29 29 37 43 29 47 47 29 31 41 53 29 31 37 43 37 41 43 67 59 53 41 41 41 73 47 59 71 79 83 79 89 71 67 443
64,10777284249292806048946565183841880917803045174788577815262912280406965148999773421544018271308983026920360885997798811079078571478915363060687843142643619,19 19 31 19 19 31 17 23 19 19 19 19 29 29 31 31 19 23 23 31 29 23 37 19 23 19 23 23 23 31 23 37 37 23 37 23 23 41 41 37 41 23 37 23 23 43 29 41 43 41 37 43 23 43 31 41 31 31 37 43 41 37 37 31 37 43 37 37 43 37 43 37 41 41 41 31 31 53 53 37 53 29 37 43 41 61 53 37 37 53 59 67 47 67 89 53 61 131 139 191
65,12987741538788328786645051021127648031479275585943574384856136195994577130725569610947330382293073015171739013975267261429469859036816020359898478594048177,29 17 23 23 23 29 31 19 23 23 23 23 23 29 19 29 23 29 29 31 23 37 29 29 23 37 31 37 31 29 23 37 31 19 29 37 37 23 37 37 23 37 29 29 31 23 31 37 29 37 41 41 29 37 23 43 37 43 43 29 23 31 23 43 37 37 29 47 41 31 37 37 37 41 31 41 47 41 31 29 53 43 29 37 47 53 53 43 59 43 47 61 41 59 59 67 79 113 101 353
66,10008911237842122299330146705943235124255790924682315683801103352869211777214663617891461259530595067826015800071025469938342251797357666557713586083294363,17 17 23 23 19 17 29 23 31 19 29 31 23 29 31 29 19 23 23 19 29 23 37 23 23 37 23 31 29 29 31 23 23 23 29 37 23 23 23 41 29 41 31 31 37 41 31 43 43 23 41 43 37 43 23 43 37 31 41 37 43 37 41 37 43 31 47 37 47 29 37 41 29 31 31 37 43 53 37 47 37 53 41 59 59 59 41 37 43 59 43 71 53 53 41 53 79 67 167 157
67,9102730333118990071012454096557178551064935789145800180302946309102880072333456844612925220849131540181048561094813409353343499575357594574883184513256513,19 19 23 17 23 23 29 31 23 19 23 29 31 29 29 23 31 23 23 31 23 19 31 19 29 29 37 23 19 31 29 29 29 29 29 37 31 37 37 23 37 29 29 37 41 41 29 29 41 31 31 41 31 37 37 41 31 41 23 41 41 41 31 41 43 29 41 29 31 29 47 43 41 37 37 37 43 47 53 29 29 43 37 41 53 53 59 37 59 67 37 67 71 53 47 83 83 59 101 113
68,7368250480595529871683751804864012245146621835258721139219347273682959205838259053437281271458511692176425204603706368284198260931068861312781435315482533,31 29 17 17 17 31 19 31 17 29 29 31 29 23 29 19 31 29 19 19 37 19 19 19 37 29 31 19 37 31 23 31 31 29 37 23 23 29 29 41 41 37 29 23 37 23 29 37 29 41 31 29 43 23 29 37 43 23 29 37 41 41 29 29 31 43 47 37 47 47 29 37 43 37 29 31 47 29 41 59 47 47 61 47 41 43 59 53 41 67 67 61 67 61 71 53 73 67 179 101
69,7433443251257644174042260566022576402278235358513258519260854323088295298491763941818301727957680772957302076494741747286569862127605460325163316821239007,29 31 19 31 29 31 19 17 19 31 17 19 29 23 31 23 29 31 29 23 23 29 29 31 23 31 23 29 23 37 23 29 37 29 31 29 37 37 31 29 23 37 37 37 23 31 37 31 31 31 37 37 23 23 41 31 37 37 41 41 31 37 41 29 43 31 29 43 41 47 47 29 29 29 43 31 43 47 47 47 37 47 43 53 37 47 37 59 61 59 59 47 41 47 79 83 61 53 127 103
70,11814513369827894286788125783723543797385887763387526288909637174929940908696525846312658698881676072436631525142436681405756171393878634989678638398683999,23 19 29 19 17 23 17 29 19 23 29 23 19 31 31 23 31 31 31 19 31 23 19 31 23 29 29 31 29 23 37 31 29 31 37 31 23 29 37 31 29 31 41 23 41 37 29 31 29 29 37 37 29 37 43 37 29 43 37 41 43 23 29 37 23 31 41 31 37 41 29 29 41 53 53 29 29 47 41 43 47 59 37 61 37 53 43 37 61 53 73 47 41 47 89 61 73 113 137 223
71,7631712291624003624594639370191755351601313825340551977464034634134388146018575515721305841136446200933255329680238939588786662347059278763716695542073729,19 29 29 17 29 19 29 23 31 29 17 19 19 23 23 23 23 29 31 23 37 31 23 37 23 19 29 37 37 31 37 37 23 23 31 37 31 23 29 23 31 23 23 41 23 29 31 41 31 23 43 43 23 29 37 31 37 31 23 31 41 41 43 29 41 41 31 43 29 43 31 37 31 29 43 53 37 53 43 41 31 47 43 59 61 61 37 59 53 61 73 43 47 53 89 61 83 109 109 127
72,9426155704811188276499704040653205838574580703314171549157504589325246812409896140311512797740866240193337434740041232924977760213019752370201529589925093,19 31 17 29 17 19 23 29 23 23 31 19 29 19 19 19 19 19 37 19 37 37 31 31 37 23 31 29 23 31 31 23 37 23 31 31 31 31 29 37 29 41 23 41 37 37 41 37 41 23 29 41 29 29 23 31 31 29 37 31 31 41 29 31 31 31 47 37 41 43 47 29 47 31 41 37 47 37 41 53 47 31 47 43 43 41 53 67 37 43 47 67 67 47 67 61 127 109 113 193
73,9674551264098002788360534991308209236605154197830845356277079969673588416869796986928438887611145317314141349671548751526583584058217146092003544832701777,23 29 19 23 29 29 29 23 29 17 31 23 19 19 31 31 19 31 31 19 31 19 23 19 23 29 23 23 29 23 37 37 37 31 37 23 23 29 29 23 23 29 23 37 31 29 29 23 37 41 41 37 41 41 31 43 31 23 37 41 31 37 47 47 47 47 29 41 43 37 37 41 41 43 29 47 53 41 37 29 37 43 31 47 47 59 37 61 37 53 47 47 67 61 89 89 67 83 71 283
74,10254891270258710601312093456645100473383676473190216587427397377790405407508060537807686696700647027537690337325149515958589602007044829910711184440346253,29 17 29 31 31 17 19 29 31 31 29 23 19 31 29 19 29 31 19 29 23 23 19 29 23 19 31 37 29 31 31 29 31 29 29 37 29 37 37 37 29 23 29 23 31 29 31 23 29 41 31 29 43 43 41 31 31 41 37 31 41 37 23 23 43 47 41 41 29 41 41 43 41 43 31 31 31 31 37 31 41 47 47 59 59 41 61 59 37 41 71 47 73 43 71 89 83 89 61 197
75,12125200328567331187158511542609983217962381411134920991665433998411271420498165926723034213149881757519716034842400165445100266790291770698838653901776361,23 19 31 23 31 17 23 29 31 19 19 19 19 31 31 29 19 19 23 23 19 37 29 37 29 37 37 37 23 19 37 37 23 29 37 37 23 29 37 37 37 31 31 31 37 37 23 31 41 31 37 31 23 43 31 37 37 23 23 43 23 29 43 29 43 31 31 37 29 37 47 31 29 41 53 43 43 31 41 41 53 31 53 37 61 47 47 47 59 53 47 79 67 47 83 59 97 79 79 233
76,7281876038095361428180488131389599862065665843600941844686106921313950442753686954341018394441753817895015687381698704843386848850186770166178215200668201,29 19 31 17 19 19 17 31 19 31 23 31 31 29 23 23 19 19 23 31 31 29 19 19 19 29 37 37 23 37 23 37 29 23 29 23 31 31 23 23 31 31 29 29 31 31 31 23 37 43 29 41 29 23 43 23 31 31 37 29 31 37 43 37 47 31 47 31 31 47 43 31 43 37 41 47 43 59 37 37 53 59 53 41 59 53 61 37 47 61 47 61 71 47 53 97 73 97 149 157
77,12159365375631844441641714209239636468009842300338642405257645267756863258305285250647776289846996188745288648469978259340966416631799442766941705218375127,29 19 17 19 17 19 23 29 31 29 19 23 31 29 19 31 31 19 29 31 19 29 31 37 31 23 37 29 37 37 23 23 19 23 31 29 37 29 29 29 37 31 31 29 23 23 23 31 41 41 31 23 31 41 37 37 29 43 41 41 43 43 41 23 31 29 41 47 37 29 29 43 37 43 53 31 29 53 37 47 47 47 31 53 59 43 61 41 43 61 41 47 53 73 61 79 89 67 163 229
78,9856799379451573136687538096255195654004120022124434043971173962691922211980919707257550870426659912683781679906159385470676607517307796654729638460047043,31 23 31 17 23 17 19 19 31 29 19 29 23 31 19 31 23 31 19 31 29 29 19 31 19 37 37 23 31 19 37 29 29 37 31 29 23 37 31 29 23 23 23 29 23 29 29 23 31 29 23 37 31 41 41 31 23 31 43 29 29 31 31 31 37 37 53 31 43 53 29 47 53 31 43 53 43 47 37 37 47 59 59 37 61 67 53 67 67 53 59 67 71 47 53 67 73 73 73 251
79,9658801458153297293107633258507519195920046633132976926404799390611914421785594737978599009297784591043115684212251216104590209339657019355977662880233033,17 31 17 29 23 23 19 29 29 31 19 29 29 29 19 29 29 19 29 19 23 31 37 29 31 37 37 31 37 23 29 29 23 37 37 31 31 37 29 31 37 31 31 29 37 37 29 29 37 29 37 37 41 29 23 23 37 23 31 43 43 37 31 37 43 41 23 41 47 41 37 47 47 31 31 31 37 37 47 37 47 47 29 29 41 53 53 53 41 41 41 61 61 61 41 71 73 67 173 137
80,11910683690627516709953396883960966510481284302551538616502817790500434477880202972526109547098349590089484990920777854756086294954126728481243930977604483,17 17 29 23 29 31 31 23 19 23 31 31 19 23 31 19 31 19 31 29 31 23 23 29 37 19 31 19 23 31 37 23 37 37 37 23 31 23 23 37 23 23 37 31 41 23 31 29 41 23 43 31 43 29 29 31 41 43 37 43 41 31 29 43 37 31 31 47 31 47 29 31 47 37 29 43 47 47 53 53 53 53 47 37 53 37 47 53 59 47 53 43 71 47 41 53 73 71 101 367
81,12996812846953735289495455297423530234113727458392918051427982751043650636538400737314058829963669103996749625400629871515982724810808484999446469905307267,29 29 19 19 17 31 19 19 19 29 19 19 19 23 31 31 29 23 23 23 19 29 29 23 23 37 23 23 23 23 37 31 29 31 31 37 29 23 37 41 41 29 29 23 29 41 37 43 37 37 37 29 37 29 43 31 43 23 29 41 29 37 29 43 43 47 29 31 41 41 43 31 29 47 47 53 29 47 47 53 47 47 47 53 37 53 61 43 61 43 67 67 61 59 59 47 79 83 83 173
82,13021804938451305549867745580572754789639772812217167368528070363082521855653852630401968397687546962743595465664783652530060714431000148493442637952577023,19 17 31 29 29 19 29 17 19 29 19 31 31 23 31 29 29 19 31 19 29 23 23 37 37 31 31 19 19 29 19 37 23 31 37 23 23 37 37 37 37 29 31 31 37 41 31 29 23 41 41 23 31 41 41 31 41 37 37 23 23 43 29 43 31 31 43 31 47 31 41 43 43 47 31 41 31 29 47 31 31 47 43 41 37 59 67 47 41 61 41 47 71 61 71 71 103 127 71 379
83,9389127710581276884586590280502551194623781516608535362501016455289834304486452817640176058252646789215685775870785065132569400958148956509116439582045389,19 29 17 19 17 23 29 23 23 23 31 19 19 19 31 31 31 29 29 29 19 31 29 31 29 19 31 23 23 31 31 31 37 29 29 29 29 23 29 23 31 37 31 31 23 37 37 31 31 31 23 29 37 37 29 37 31 43 37 47 43 43 41 29 29 41 41 41 31 43 29 29 43 53 29 41 43 37 29 31 61 59 43 41 41 59 67 53 43 67 53 59 53 59 89 53 67 97 103 199
84,9231428626924057454286420300778290501556127248023549389617308879547279103702382027373561775049380675945971598608083489631501167347482472967990827899564729,23 17 31 31 31 17 23 31 31 29 19 31 29 19 31 29 31 23 29 23 23 31 31 19 19 23 31 37 37 29 23 31 37 19 19 23 37 23 31 31 31 29 29 29 29 29 37 31 37 41 31 23 43 41 41 41 43 31 37 31 29 23 43 29 23 31 41 43 41 43 29 41 47 47 31 29 53 29 53 37 31 43 47 47 37 41 61 47 59 67 59 53 53 83 61 71 53 101 109 157
85,8857572691322653960084716819182779516906510574351569405409373871232770179698407730142653203775889069943557317515965483368101442486764332524270250538122419,19 29 23 29 23 29 29 19 23 19 31 29 23 19 29 31 19 23 31 23 29 29 29 31 29 23 31 29 29 19 19 31 31 29 37 23 23 31 29 37 37 23 41 29 23 31 31 23 31 29 31 41 29 43 41 43 29 37 37 29 43 43 23 43 41 37 47 41 41 41 41 43 47 43 29 37 47 43 43 53 29 47 31 43 47 43 37 41 37 71 71 71 71 67 59 73 61 59 83 149
86,7346045171692346681672626658513265314686548190499202824488152295106126769133463399589125998386749630675258111086043629907860616032137197513890505976225439,17 17 31 19 19 23 17 23 23 23 23 19 29 29 19 23 19 31 19 19 19 19 19 29 23 29 23 29 37 23 37 23 23 41 29 41 37 31 41 23 37 29 43 37 29 23 29 29 43 37 23 29 37 29 37 43 37 37 31 31 43 47 43 31 41 41 43 43 29 41 53 37 37 29 43 47 31 43 53 41 53 61 59 43 37 41 59 53 53 53 67 41 47 71 97 79 101 67 89 139
87,13216235859471593100093681184401272736705898082658624117534406260710265018792246656113640065679670996378246540952449624012574869615268312053565777316151547,31 19 17 29 29 23 17 29 23 31 29 29 31 19 23 23 31 19 19 23 37 29 37 19 37 31 37 37 23 31 31 19 29 37 37 29 29 37 23 37 31 29 37 29 37 31 23 29 37 37 31 41 29 29 23 23 43 41 23 31 43 29 23 43 43 47 47 43 37 41 29 29 29 43 31 47 47 29 31 37 47 37 43 47 61 37 41 53 67 43 37 67 59 53 97 53 71 103 67 433
88,9070298402912730647164758111940086650936857534332946994195043419723163745340604640594873383769815203086784074613384102714873777450884147870547022195770537,23 17 29 19 23 29 19 17 31 23 23 23 31 19 31 31 31 31 23 29 19 29 31 19 23 19 29 19 31 31 37 37 37 23 31 23 29 29 23 41 29 37 41 37 37 37 41 41 29 23 23 23 41 37 29 43 29 23 31 23 47 31 47 29 43 43 47 41 47 29 31 37 37 47 47 31 47 29 29 41 37 53 43 61 59 61 43 43 41 53 41 53 83 79 89 71 83 67 113 127
89,11182996181869978489692914288843916251238439587350140566728719835145769227310457564069497330433389142132647378492187139412361385900568315377279716798285431,31 17 17 23 17 31 29 29 31 29 23 23 31 19 31 31 19 19 19 31 31 31 19 29 29 29 23 29 19 31 23 37 37 37 29 29 29 23 29 23 23 31 41 31 31 37 29 23 41 41 31 41 23 29 29 43 43 41 43 41 23 43 43 41 41 43 41 29 47 41 37 31 37 37 31 43 43 37 43 53 41 31 53 47 53 43 43 37 59 43 53 67 41 47 83 89 61 61 127 197
90,11823512119713186823625037067847770170011006566803659903924377160783025826246794885338478043363733312896269152900288589854210789220945547054696827352578463,17 19 31 31 19 23 31 29 23 23 23 31 23 31 23 29 19 23 23 31 19 37 23 23 31 37 19 23 23 31 29 19 37 23 29 23 29 37 29 37 41 29 29 31 37 29 23 37 23 41 29 43 41 43 31 29 31 37 29 41 23 29 37 43 47 37 37 37 47 41 37 29 41 29 43 41 47 43 53 43 29 53 43 43 43 53 53 61 59 43 47 41 59 61 59 59 59 101 167 227
91,11900804967255254839876195078975022538724688043199713278557264085318434835624283276142569997896229876533514688942935863251869623017372162161362822590349473,23 31 29 31 29 31 31 17 23 23 19 17 31 23 19 31 31 31 31 19 19 23 19 29 31 19 29 37 19 29 29 23 31 29 29 23 37 23 37 29 23 37 31 31 23 31 29 31 43 37 29 23 41 23 23 41 23 29 31 47 47 29 37 37 41 47 29 43 37 43 37 53 37 47 31 43 47 41 37 47 53 37 47 43 37 53 37 59 73 47 59 73 71 43 61 67 101 73 79 331
92,11887281716136392981358758760696029098845610757696134075765191590995603371661401646729743490613074027319971363027756565442810431659422955384252350370587673,17 17 19 31 17 19 29 31 23 31 31 31 23 19 31 31 29 19 31 31 19 19 29 23 31 37 29 29 19 37 31 31 29 29 23 23 23 37 29 31 29 31 29 31 37 41 41 29 29 23 43 41 41 31 37 37 43 31 41 37 43 37 43 37 43 41 31 37 47 41 41 47 43 47 29 37 31 29 41 47 41 47 37 43 31 43 53 43 59 37 47 43 67 53 43 83 67 67 149 197
93,11808268380362592627486914839583596129636306211631781403199259256571014161380497179555509553834898481498635464737286122486292573400308844732779975484132837,29 19 17 31 31 31 17 31 17 29 17 19 23 23 19 23 29 29 29 23 29 37 23 19 37 37 23 31 23 29 29 31 37 31 29 23 31 23 23 29 41 23 41 23 23 23 31 43 29 41 41 23 29 43 29 37 37 23 29 41 41 41 41 43 37 41 47 37 41 29 41 41 37 43 31 47 47 47 41 41 53 31 53 37 43 59 47 41 41 43 41 67 61 61 79 61 53 113 137 271
94,11576717512079853138706547561256785261610288143742072278999126336480976539336687162122254060238816116474600960634163095726071322891379482565272722517491971,23 31 23 31 29 23 17 29 19 17 23 29 23 23 29 31 31 23 23 29 31 29 23 29 19 29 29 19 29 37 31 37 37 37 19 23 31 37 23 37 37 23 23 41 29 23 29 31 41 37 23 37 31 31 31 23 31 43 23 47 31 41 47 29 41 41 47 37 47 37 47 41 41 47 37 43 29 53 37 47 29 53 31 47 37 53 41 53 41 59 53 37 41 83 59 79 79 79 97 293
95,8485492983631815191228055108083779610907253996501311722853093522357139587949177620370092450791161728676795648336205976521007982459216172602111723337205143,31 17 29 29 19 17 29 29 23 29 17 29 29 29 31 31 23 29 23 19 29 19 19 19 37 29 29 31 23 23 23 37 29 29 31 31 37 23 23 23 37 23 23 41 41 37 31 31 37 31 41 41 43 37 31 31 31 41 43 43 29 41 29 31 31 29 37 29 43 43 47 29 31 31 41 37 29 43 31 47 31 47 37 53 43 41 53 61 59 71 61 59 43 67 79 73 71 101 113 157
96,6949423009071628154039865100656842327195096243608871339959052256231503025565651475854874226822938394598767616927104346855174328080879273684026053538648871,23 23 17 17 29 23 31 31 31 31 19 29 29 29 19 31 23 23 23 29 19 31 19 19 37 19 29 19 37 19 31 29 37 23 29 23 23 29 29 41 29 31 37 31 41 37 41 29 43 29 31 43 43 43 23 31 41 29 43 41 37 43 37 41 41 37 41 37 29 31 29 37 43 41 37 41 31 31 53 53 47 47 47 41 31 61 61 59 47 41 43 47 61 61 53 53 79 67 83 191
97,9303526830910083150167113514650031436661521199340093729961665178347423541845443133614231746702212756217243463706389228316629784260923565900516255717695071,31 31 29 31 19 23 23 29 31 29 17 17 23 31 29 23 19 19 19 29 29 19 31 29 31 23 23 31 29 31 23 31 23 29 23 31 31 37 29 29 23 29 29 23 31 31 31 37 43 43 37 37 41 37 31 43 41 37 31 41 43 41 37 37 43 29 41 37 37 47 31 31 41 29 47 41 37 47 29 29 37 41 37 53 61 59 41 37 59 53 41 59 71 41 59 89 59 127 89 131
98,8378100172801106350240647164208580781438530641275602649736676879816011033982606276585648571339458448211955890549922589128695932914745588790107502965776277,23 23 29 19 23 19 23 29 31 19 23 23 29 29 31 19 31 19 29 19 31 19 23 23 29 31 19 31 19 23 37 29 23 29 23 23 29 37 41 29 41 23 41 29 37 37 29 41 29 23 23 37 43 31 41 37 43 31 23 37 43 31 29 31 47 37 47 47 29 47 43 29 31 31 29 31 41 47 47 53 31 37 53 61 43 67 67 47 47 43 47 79 53 73 61 73 107 109 97 149
99,8021290857739795932181912107211670521619191631341783815661821591941705757362630018916230762473021560415353004923931564714213101505123803901621264223171591,19 23 17 29 23 19 19 31 29 23 23 19 19 29 19 29 23 31 19 37 29 31 29 23 29 31 29 31 19 31 23 31 31 37 37 23 31 31 29 37 23 29 37 29 29 29 31 29 23 41 43 43 43 31 37 41 31 37 29 23 37 37 47 43 31 47 41 37 37 31 47 43 29 29 41 43 43 37 43 41 41 37 47 37 43 41 61 37 47 73 71 61 47 47 53 73 103 103 127 103
