0,28200409195414381803382991699618406610848104147526529688912441642121307598625790559996150691859521222358052140644375,23 71 53 89 19 53 17 59 23 5 61 61 5 67 83 89 59 11 37 3 67 29 7 83 59 19 3 53 97 23 23 61 47 83 43 17 61 19 37 5 79 23 47 5 3 73 89 67 17 61 79 71 31 83 83 53 97 79 17 7 11 53 41 43 61 3 37 43 61 97 79 3 83 89 29 41
1,29971860259447751847375231136839887408449484976772687569823218652856542020338245572607919630565157909574408320771875,31 7 89 73 31 19 17 47 53 41 11 43 53 23 97 19 71 11 71 11 13 3 3 7 5 3 29 47 17 31 23 5 67 53 71 3 73 67 11 79 29 47 71 31 7 83 61 67 19 37 43 5 79 67 97 29 61 3 7 43 19 43 11 23 97 43 97 23 83 41 29 97 61 67 5 37 83 41 47 5
2,33816281261838600575312760922206868087045372076603351074208145968552771035849407578420847326264159317684048558891875,13 67 37 5 29 71 73 11 37 19 47 29 83 43 71 83 3 79 71 13 67 79 3 79 31 31 47 41 41 23 31 13 29 47 13 53 41 13 97 53 73 37 23 13 17 17 79 83 41 71 43 79 61 53 73 73 43 3 59 83 79 31 73 29 11 5 43 7 5 31 59 71 5 97 13 73 3
3,23118955432646992623498217016945928356930364048106596210270718135924011416196417451275295056173626264410918030720675,3 41 71 11 67 13 41 59 17 89 23 31 3 23 13 43 47 23 7 73 59 37 11 41 73 41 19 89 53 59 19 3 5 3 79 53 61 53 7 31 13 97 67 73 23 47 29 53 31 47 41 97 67 47 11 17 5 13 59 61 73 23 7 53 97 43 3 37 73 89 3 79 19 89 41 7 59 11 3 37
4,24005344916655342150457582508510840393445121673318233407309500096160423223975905326645942362469087137532878563403125,47 41 11 41 3 3 17 23 67 5 5 71 23 7 19 43 3 31 61 79 67 59 7 83 11 59 31 67 29 31 73 71 41 29 89 5 73 61 67 61 97 41 47 59 83 7 17 11 67 79 31 83 37 19 37 37 19 97 73 37 53 29 3 29 41 23 53 19 7 5 11 29 61 73 83 29 23 59 5
5,23561706086939329813937672911072547243229295306597727573955089804440618421559729621054124063936834490659229613742875,73 59 7 5 13 79 47 61 97 13 61 97 17 73 97 7 41 19 7 11 89 61 29 3 5 47 71 41 59 53 23 53 29 11 67 7 41 23 97 97 5 43 41 7 73 47 89 61 7 13 43 3 79 19 13 59 97 43 29 53 79 7 79 13 7 13 19 17 11 47 59 67 67 59 53 43 29 97
6,20125309875218251536213067895410476177102430800409647688866040005553227344433479659250168363209216057952192406793125,73 5 3 43 67 41 37 61 43 31 23 17 47 71 89 83 7 83 67 47 37 71 17 37 31 5 61 61 89 7 7 13 23 83 3 73 61 83 97 73 13 5 53 31 79 17 23 31 17 11 29 37 29 61 13 67 31 73 19 19 67 73 89 29 41 5 89 43 89 73 29 31 23 19 3 43 43
7,30646948955359233315744058945599678854745602121889267251050026752653630482312172267379455858618760993290179423734375,17 29 83 7 31 29 17 41 7 37 73 11 23 47 41 23 19 53 7 13 97 13 83 97 47 13 97 79 17 47 23 89 53 5 89 61 47 31 47 71 19 97 97 47 97 59 71 41 53 29 89 97 5 37 13 83 47 37 3 5 59 67 3 17 73 47 37 5 7 67 67 5 13 71 83 7 5 31
8,22069315864930162850497808235250536535970796291797547825002670573465870179554649958905193717178731590304323785243125,13 61 67 47 43 67 37 5 13 43 5 13 71 37 43 79 41 23 71 43 83 83 79 89 43 53 7 5 23 73 7 13 53 37 67 59 71 11 19 37 3 71 43 61 73 17 59 97 7 53 31 23 67 13 61 53 53 97 47 5 97 71 7 17 3 29 59 79 19 37 89 79 73 79 19 11
9,37280764324168356758930901869647487281604505142663890738777574331712942632907517994919412396731426838409591258037675,83 73 29 7 67 23 89 71 17 67 5 53 79 73 73 19 59 67 23 59 29 7 37 67 3 89 41 83 37 31 29 43 89 41 41 41 61 19 43 31 89 79 83 61 47 19 67 79 37 67 11 17 71 37 53 41 59 37 79 5 23 11 83 67 41 79 97 97 61 23 23 73
10,33630463978205415481224886819337994858911375427449154165724526654869915842804967005061004679763424507619066577996173,73 47 59 7 13 13 73 3 41 83 71 79 19 3 3 3 61 11 89 89 17 11 73 47 17 43 7 37 37 11 53 79 71 17 7 61 59 89 19 3 59 31 17 37 29 43 19 47 83 13 19 3 59 43 53 79 41 47 89 29 59 71 67 59 53 59 43 29 89 67 41 17 7 31 3 53 47 71 3
11,26582919189347808550621317605812526476153964647431040054066053086218572910820332868138713277969850913093893597920625,41 43 71 53 13 5 7 37 17 7 23 53 19 61 61 29 19 67 71 97 19 13 29 31 71 59 71 19 29 79 97 61 37 19 43 59 5 53 41 43 23 71 43 37 13 11 61 67 41 43 43 73 71 67 5 53 71 3 53 5 41 23 11 71 43 59 71 29 19 3 47 3 59 31 7 13 13 7 23
12,32752447719462944622467098982462402778312281234543058286460162959259534354837020530331158678567064063583843653171875,13 97 89 31 5 13 79 19 3 43 89 59 17 43 13 11 43 97 31 67 3 97 43 5 83 19 53 73 41 3 67 31 7 23 73 61 83 47 5 5 43 43 31 37 61 7 13 89 5 97 7 71 31 29 5 67 61 79 47 7 43 71 37 7 3 3 29 11 23 43 73 89 83 73 89 41 41 37 17 23
13,21898286366908015235119560972060697648149449061538826082362375901032856732047170744118000260079856262484928609016875,13 59 53 79 13 5 17 7 43 97 71 19 79 83 61 43 47 23 79 31 5 59 73 5 13 79 23 11 23 97 17 83 97 53 97 67 59 31 53 53 79 31 29 73 97 71 53 97 47 89 79 61 7 59 19 31 11 3 31 79 29 97 71 19 29 31 89 53 31 3 67 79 5 79
14,25348503375040044916233816203047270768075220343435040320126894535732412311513762812399043318956752075663481864772875,43 31 11 31 23 83 31 83 71 13 83 31 67 43 79 13 13 3 37 23 11 59 79 37 19 47 23 97 43 41 47 11 17 11 17 7 11 11 3 73 41 43 5 37 79 5 31 67 61 97 17 13 61 19 23 79 13 19 53 53 31 11 13 97 67 29 53 37 83 37 17 53 5 83 59 61 23 7 43
15,33889907411067374704721046113449699316983692514240733326936521101055133427976317437855063067477929311652369512751875,5 11 83 31 37 17 41 79 79 17 47 31 31 89 19 71 7 97 59 19 73 53 43 23 97 3 83 71 61 7 13 17 83 73 17 67 73 29 73 67 23 5 19 67 13 79 31 3 53 47 89 53 5 43 43 59 5 61 79 71 17 67 43 59 29 53 67 61 89 47 59 41 31 3 61 3
16,30410394262102761411662431014573363258458224424006971045458369582251519924812292546148433856144834805339797518571985,41 59 59 43 17 29 11 59 7 97 11 79 41 31 83 53 89 3 29 23 41 97 41 19 37 67 31 5 37 79 41 47 89 31 67 41 43 47 41 11 13 29 79 37 43 61 83 61 17 17 67 89 97 59 37 3 3 31 7 37 61 89 59 3 79 61 61 17 29 23 71 23 83 79 43
17,34357515951425169102189309228904580058232289438644616608114618521580674060422436778574745047093342471222767701647523,71 31 13 67 31 13 3 97 89 3 97 7 13 31 11 41 89 59 3 71 13 37 61 7 43 23 19 67 43 67 83 11 11 13 89 47 3 73 23 7 31 31 83 47 37 19 7 53 71 37 79 79 41 7 97 3 71 67 53 29 71 71 7 13 61 7 3 19 43 17 41 73 37 47 59 73 67 11 73 3
18,19786158356546156655570436420220635284068586467792382427234947954457999207784525023867393086275685740469671500078125,79 43 29 37 89 73 71 31 3 5 5 61 23 31 83 7 23 5 67 83 23 89 3 17 97 73 47 59 11 23 43 67 43 37 13 83 3 29 7 67 7 5 97 23 59 89 83 83 61 7 31 31 83 3 29 19 13 5 17 43 47 5 47 5 59 11 83 73 13 83 43 29 37 53 59 17 29 89 3 89
19,23315075934590093604667095122905339809710319676208114050394657128316056894895365487580543255058375499561659919635725,73 53 19 11 97 41 29 19 13 31 23 53 3 3 53 59 89 73 43 53 23 53 23 67 17 61 37 13 97 59 59 23 31 41 61 5 41 43 61 29 23 71 11 89 17 71 67 61 61 43 31 7 89 59 23 73 67 53 37 71 7 41 7 79 5 97 31 11 29 31 71 43 71 73 53
20,31856498768733370622451954904518596886088699580051502810427335253441058466171591333437313507469714462329724161331875,5 53 17 17 97 73 43 41 41 47 59 13 97 73 19 17 53 83 17 73 19 37 83 41 37 71 23 89 31 67 7 67 23 67 13 71 47 3 43 5 19 37 41 31 13 79 5 83 89 41 79 67 5 3 13 97 43 37 31 11 73 19 67 71 83 89 31 7 17 43 59 13 11 83 37 13 17
21,33140261139890798634843186438486448644522534842056077301250590991780529862639624960085116794328389201676802069499525,23 89 11 5 23 97 83 59 73 47 19 41 29 37 61 29 19 37 43 47 19 83 79 31 19 43 29 13 73 67 11 3 41 19 13 19 89 67 31 61 59 97 19 71 37 13 17 97 3 89 37 23 37 53 19 61 23 17 73 11 41 73 97 61 97 23 3 61 5 47 73 67 53 17 71 17
22,29592471394703567377202789194839784919316184300095455549512414506936093382526143320539728451809883304898905404371875,13 73 79 73 13 5 17 41 5 43 13 83 47 29 31 41 31 19 79 43 79 23 79 7 97 43 3 11 73 83 37 19 71 53 97 47 37 17 17 53 97 79 79 89 7 71 5 29 17 73 11 61 19 89 13 37 5 89 89 13 7 67 97 43 41 73 11 5 79 7 73 7 59 71 37 59 23
23,26474572937107804592358837474001092607481082548965146105120351158050541486614865699675352108205438722659326533701875,73 61 37 37 53 61 29 5 61 59 43 73 79 61 29 23 29 47 73 41 13 17 47 41 89 29 53 19 61 37 31 83 59 71 17 37 13 43 47 67 41 79 97 67 73 43 71 29 47 83 61 47 53 47 37 53 47 67 5 37 59 61 97 17 5 29 31 19 7 5 47 83 7
24,35305131729184066994636792080397956865476919335641595475219509170907032570927035456679987957625206417415411912234035,31 43 7 29 37 7 29 79 89 83 83 7 97 53 43 79 47 53 79 3 13 13 11 67 43 17 7 3 83 61 29 13 47 41 29 59 43 97 11 79 31 83 37 71 17 19 41 83 29 61 47 89 43 79 59 19 73 5 67 89 71 17 47 97 7 61 73 31 59 53 59 47 11 17 29
25,28784003114925974238235566650030417278764945679507644726342408591369529589724996093403958144115458071767712039595571,41 7 79 71 41 37 61 7 31 11 3 19 61 71 97 79 37 23 71 67 53 71 89 67 83 71 89 71 67 17 59 29 7 23 7 3 17 43 17 11 43 67 13 13 47 59 67 19 41 83 11 67 53 61 23 73 11 59 11 83 23 53 3 67 47 83 29 83 97 47 67 7 7 13 31 73
26,22122805315746860865396133752580782064123910843441751208283368334387698295147600109330635223462593383277219666173875,23 29 43 73 19 11 97 31 83 5 23 67 89 53 23 79 7 71 79 23 17 11 79 61 53 23 7 97 47 11 17 31 11 23 67 61 17 53 13 23 11 19 53 67 43 79 29 7 3 19 89 61 73 89 7 61 5 43 61 53 61 73 29 41 3 61 47 71 71 7 11 73 31 41 5 19 13 97
27,21474552709422344731955660584347644886987569349931991688625768112993065902625993150367043682574001398278278325081875,23 59 47 7 29 71 41 53 7 73 17 37 7 5 19 47 37 53 23 19 59 7 3 67 89 41 7 13 13 61 59 59 61 71 53 53 19 97 71 31 7 53 43 13 61 11 67 29 11 41 3 71 97 97 37 43 89 23 5 43 83 13 29 43 29 13 5 71 19 67 73 13 5 23 17 3 41 61 3 29 7
28,26439941018133093123936532938363227695895208304284985060213207965024616594956282391882480889296479818014305462451125,37 83 37 17 37 53 13 23 73 71 19 61 3 29 19 79 83 61 97 47 67 43 79 59 17 53 7 67 19 67 37 59 31 11 43 5 41 31 37 17 29 59 11 67 7 59 11 61 31 11 7 73 79 3 73 5 19 11 67 37 11 29 67 59 31 89 23 29 47 37 5 11 89 97 13 71 17 17
29,30305819436650655928802105292008914268904881711841555463663576700588418008978747648729997487637237586876144622645125,23 3 31 3 73 17 83 61 97 3 59 7 47 53 7 19 79 19 19 67 29 5 11 17 73 5 47 19 3 53 47 73 13 23 3 7 3 67 47 43 59 73 31 19 13 89 83 89 5 23 83 13 13 7 53 29 53 23 17 47 41 47 67 7 89 47 71 79 97 37 67 83 71 79 61 3 67 53 7 7 29
30,31447720339651162278609892148685638017217263137005125256157922089354125237947286393375491942755024708546402634102875,13 43 71 5 53 3 47 59 13 37 53 23 47 43 47 7 83 47 97 13 73 67 3 29 61 17 23 59 3 7 53 19 47 17 73 97 37 13 47 61 43 29 79 61 31 89 53 67 17 71 53 7 11 79 7 79 41 37 5 29 41 31 61 67 59 97 17 83 41 67 53 17 73 11 23 71 5
31,24469861194663688576324520867314582756842599055538093331634122527140586524960625850257163225206526285938525827140625,97 23 5 41 89 5 67 19 23 83 19 5 83 43 3 41 73 47 71 23 43 37 67 83 73 31 71 17 67 19 79 97 53 23 61 23 83 67 83 31 19 67 7 73 67 31 71 7 5 31 31 61 53 19 61 13 79 89 67 41 13 61 13 23 37 11 5 13 53 79 5 53 67 67 3 3 43
32,30673979066881491033272670843545078137836227136839473146517912712378947528839052785656298083270309552457734753469375,71 37 7 79 61 19 37 61 23 17 41 31 7 71 97 83 43 73 13 61 59 67 53 73 5 17 97 79 3 17 37 41 67 19 71 29 29 17 5 3 53 59 59 11 71 37 23 89 59 11 31 79 71 31 5 43 7 13 3 7 71 89 37 37 17 59 71 19 79 11 67 7 13 53 5 23 3 17 19 19
33,38476941540890121598918163684192336422787782066810028212805000325338175941590280025953841623293148128920762282757125,19 59 13 37 3 7 17 79 43 59 7 31 37 31 5 19 37 7 13 73 73 17 79 97 11 43 5 41 41 71 97 7 97 11 79 61 41 59 61 43 67 11 19 53 43 19 89 19 41 19 79 29 71 97 79 11 61 89 53 79 7 5 19 43 13 53 43 7 83 13 17 61 61 41 37 31 3 29 7
34,24174892692020065212774291153468694074414138408510886566707697635282313022069620351407412129004526582817103005890625,29 47 31 37 97 19 29 3 7 23 83 53 83 17 5 23 71 61 83 67 43 47 73 31 61 13 59 43 47 5 23 83 5 19 13 71 31 83 19 73 71 47 31 89 41 17 29 73 53 7 5 97 97 47 31 41 7 79 71 11 19 41 13 43 83 59 19 13 23 37 5 97 3 41 59 5 43 13
35,25555016663644941910209998944808813315599091640018679861536042769256813232769818585178252606350196669932464775849375,89 29 71 13 53 67 41 19 59 79 5 3 97 5 59 5 3 41 83 3 67 23 59 41 73 71 71 23 73 79 11 31 89 11 59 53 5 97 59 43 61 79 29 71 53 31 67 71 41 11 11 43 43 61 79 67 31 79 23 19 41 97 97 19 97 7 97 83 97 97 61 11 67 13
36,20611471875283572464781321337665810527162893199787223254970500080559486278945082371479528821214971247840768317478125,47 43 41 11 3 43 67 31 71 59 19 97 29 19 23 47 83 73 11 43 61 79 29 61 13 43 67 37 47 7 47 11 73 59 97 41 31 83 61 53 3 53 13 53 67 23 23 17 7 89 43 7 5 67 59 53 5 31 79 59 61 5 43 83 73 5 17 41 59 41 89 23 5 89 13 7 43
37,21705106407034640293997765514045778739796119241072009995227765334145208043130824095779767248661355496121396297592225,19 7 17 29 47 71 17 53 13 47 71 71 7 29 83 13 23 5 47 59 11 37 13 73 37 37 19 11 73 11 79 29 3 47 61 43 53 67 61 7 13 79 13 29 37 61 97 7 67 53 29 37 29 53 31 23 17 73 97 53 89 59 7 3 19 5 29 59 3 83 11 71 3 29 83 37 3 67 37 41
38,23356444584575648188190774774276042263556702718498435835394241433050977691166987525753914499052219971743873354382875,43 71 79 11 3 71 97 31 71 37 31 19 83 59 43 67 41 37 83 83 43 37 71 59 53 89 71 43 59 3 7 31 79 71 31 83 79 73 83 7 79 97 59 13 97 3 5 47 47 89 67 31 23 13 31 5 23 5 79 7 19 97 7 53 37 31 7 73 89 71 53 11 59 29 13
39,22079800723997247261812922107825945496878563696448877884927648488524498594943211210909746359796900593389019706999125,31 67 47 67 89 11 43 59 59 19 61 7 73 23 29 7 17 83 47 29 7 73 19 31 97 3 43 47 11 89 3 41 29 61 71 13 73 71 59 67 7 3 73 3 83 73 31 61 97 17 43 19 19 11 67 61 61 31 31 97 31 5 5 53 53 53 97 11 47 11 19 19 41 13 61 89 5 53
40,28797555483893851150724173784712111907075431274924839859005669489263955486099012146435588474426348473270513027359375,11 73 83 53 19 97 89 29 13 53 97 3 47 59 61 17 19 71 59 31 13 83 89 17 79 83 61 31 5 11 73 61 3 3 61 3 23 5 43 31 19 41 79 23 79 37 13 67 11 5 11 5 61 7 47 59 19 19 59 47 79 53 3 97 47 53 11 31 13 59 79 37 11 59 5 5 31 71 29 31
41,30990213792604075891637448982263310436675170899432361947568744674230521258242390354734768563356844883575824512079705,97 67 83 3 97 67 17 43 67 17 17 5 61 19 29 43 11 13 89 47 13 67 67 41 23 37 11 53 89 71 3 43 23 43 37 7 53 97 19 3 11 53 41 43 83 11 53 89 53 29 31 29 61 13 43 11 23 19 23 47 31 53 67 83 31 3 11 71 41 61 59 83 53 67 43 29 17
42,23491917865253616573111645026580483879840800955237494861308884647684911543963891330266041728428793035180819242911725,3 5 37 13 97 97 79 3 71 53 19 59 73 97 97 53 83 19 11 73 83 59 23 83 79 23 67 19 61 83 71 23 13 31 61 59 67 29 31 23 13 29 89 97 31 89 5 11 79 3 41 29 59 71 37 79 43 43 79 19 29 41 29 59 11 31 19 29 47 67 83 83 13 41
43,20012605786744617648334289450052001538163578808523081790602916717979930413060436273563024482809923332516582991296875,23 71 43 89 23 59 7 5 7 5 31 7 3 47 11 67 31 11 83 29 5 71 67 73 89 23 79 7 67 61 13 97 29 29 11 17 7 19 19 73 17 13 79 37 37 31 19 19 97 31 71 23 47 19 7 19 53 7 7 79 7 19 17 5 67 17 47 83 59 73 71 7 19 43 73 97 13 67 43 5 19 5
44,38554183535291499986818786532923721284895573168200526108610795977509799617058924213143857990488322298500452192990625,13 3 67 19 53 67 97 47 97 59 7 37 3 7 59 67 29 11 59 29 19 5 29 5 5 59 79 47 59 47 29 83 73 73 11 37 97 83 3 73 41 31 43 29 23 23 43 3 89 29 5 23 53 19 53 61 83 17 23 83 3 37 13 5 89 43 17 97 7 83 37 71 37 41 31 71 11 89 29
45,30984824607683146689063806569191695846485370588053424213449109673500306224069491187146707695354834913703105709666875,47 97 19 37 5 79 41 59 41 17 97 31 41 79 41 3 17 37 61 11 67 71 43 17 71 31 13 19 71 73 3 59 97 71 53 71 13 31 97 7 23 3 11 13 5 7 3 83 73 7 11 13 41 19 89 43 59 97 67 83 89 5 11 79 11 79 79 47 43 79 29 7 5 3 61 7 13 43 41 31
46,37776820880709251031626982776569225700638428229781044156405691935994017477847889107451423143667576655138023527799225,61 3 23 5 67 59 79 61 29 29 61 59 23 11 97 41 37 83 73 5 11 47 19 83 73 19 71 83 31 47 19 37 29 13 17 31 89 89 13 7 13 67 47 41 71 29 23 41 89 59 59 3 83 89 23 43 17 23 7 43 59 53 41 41 47 41 83 47 59 97 11 67 89 43 17
47,23495404855702545870734556494615825614622613607741923768223840180525816573080053380932600450866560074229799296871625,89 97 59 23 17 37 71 67 73 7 89 89 11 53 23 71 83 23 89 71 13 59 41 79 3 59 59 41 79 61 83 97 31 37 3 19 29 3 97 23 83 67 5 47 83 73 19 5 53 17 37 17 5 61 23 3 61 29 11 13 29 7 31 31 11 67 83 17 19 41 13 53 53 79 13 89 23
48,33220626583777709521926274104035624758456159260817669597855439742047926160521983580556620200634920787509853702921875,29 37 3 29 7 3 5 47 79 37 37 67 37 41 67 7 53 37 3 3 89 11 71 67 59 83 5 47 97 61 59 79 7 29 71 41 59 5 37 41 97 23 71 37 67 5 7 79 13 17 79 47 67 3 31 53 67 89 97 13 53 13 53 47 13 83 41 7 31 31 79 43 37 17 3 83 19 5 5 71
49,23984985820801063000112509951734612282151940771114796717262471801443700414831915255063142231183710395309991937503725,67 23 31 5 97 89 17 13 47 29 17 31 43 23 11 67 3 53 41 73 97 79 71 71 7 7 13 53 67 79 41 7 61 79 43 37 47 79 73 29 29 3 97 17 67 67 67 23 67 5 59 31 41 43 37 37 67 29 97 61 61 31 73 67 59 89 67 61 31 73 89 61 43
50,34976432507790345388923716067794330236510568798318968587286806030329704720029030543499665784918810423362731912236875,17 23 67 23 47 29 47 23 97 3 71 73 97 19 97 23 7 71 29 41 23 13 41 61 89 67 7 17 17 11 59 83 5 43 11 37 41 61 11 73 97 13 89 73 83 83 83 41 31 41 23 73 41 13 47 29 5 43 3 97 79 67 89 43 11 13 7 31 5 37 11 11 97 83 3 97 41 5
51,37123682145308513569686419621226185442302718256542577064771395649103525267852189784603615566565016700849345070778925,11 23 23 79 83 83 37 17 59 67 83 53 29 89 53 59 11 13 67 23 13 7 97 29 71 59 19 79 29 71 71 97 31 61 61 3 83 43 97 19 67 11 3 31 79 3 41 37 41 23 17 61 53 11 97 7 71 71 71 41 71 37 17 13 97 23 7 11 61 13 53 5 7 43 71 5 37
52,24298920330490401380179145447227513829132189961959391051478221475171389172463099854048873083546983437705534665401025,79 29 89 59 11 47 13 83 47 79 41 47 97 59 17 23 13 29 13 5 3 89 61 11 19 47 67 43 89 61 97 17 83 5 89 83 59 59 79 79 53 53 79 83 59 3 61 59 67 31 61 29 59 19 11 23 79 31 43 23 47 73 11 23 97 79 29 19 89 67 89 53 11
53,25945014787079851974757122100370155116980728082152683033920405679003679320209153195109183321134144680043869174107705,89 61 71 53 31 13 37 13 23 79 67 83 31 19 41 61 31 17 73 37 97 37 61 3 43 47 71 13 23 7 89 67 17 7 53 59 67 89 83 3 5 71 41 41 13 7 31 53 89 97 29 31 11 37 31 59 31 53 71 67 37 79 89 13 43 3 11 59 41 53 97 41 79 13 47
54,35592480434969872886929098097414650748102216477206354972700495336075642537272558569513646554153316718647182647265625,11 5 7 37 11 71 61 43 59 19 17 59 5 41 53 3 7 89 41 47 59 53 43 7 41 41 53 5 83 83 29 41 43 5 7 5 5 11 5 17 7 79 3 17 97 97 31 13 59 19 11 11 29 5 53 31 89 7 13 67 29 53 19 71 97 23 79 7 53 61 17 97 17 79 71 29 13 7 19 3 73 11 41 19
55,38482151525415611405193351077899814908100672100281583923478759192243143960334792986463558242877595541781502072227375,47 83 5 73 97 31 71 29 89 41 97 67 37 5 83 71 47 67 29 53 29 59 71 23 41 73 89 13 29 43 97 23 71 11 43 17 67 19 13 5 71 23 3 19 53 43 29 19 41 53 47 11 41 73 79 53 7 89 13 41 31 31 3 41 71 61 53 71 89 79 19 31 31 7 29
56,21733550828115954979889762487945424977682843920914041565358329944489872058474615729444850015364358010071647763784175,17 47 3 89 31 89 41 7 89 41 5 31 43 29 43 89 89 37 3 47 53 11 71 19 71 59 13 73 19 61 89 71 3 53 19 71 83 13 67 17 41 97 59 29 83 71 83 43 17 13 23 47 59 79 7 5 89 17 83 3 3 59 67 13 3 13 43 97 73 19 71 71 7 3 3 7 3 37 23 41
57,32904602881537093451978184547840553985500293507893251267970189115195022818168266320441658473962093349263646226901275,53 29 17 83 97 5 61 31 43 97 97 23 23 53 11 37 59 83 3 19 31 47 73 43 97 79 89 19 47 53 29 11 37 11 11 7 79 43 19 71 23 19 29 47 13 73 29 67 61 19 53 13 61 59 67 97 61 83 5 73 23 83 89 67 37 83 37 53 97 3 23 53 71 29
58,35898629405956701640574173585443546848016510136007957002143034518599050941590178682184314493166562811586138392915625,5 67 37 7 83 47 37 43 89 23 31 61 31 17 5 97 79 59 73 83 19 19 61 19 67 29 23 43 5 53 89 41 3 3 31 19 79 19 19 73 79 59 3 89 11 71 97 53 23 11 97 5 71 71 83 79 37 31 23 97 29 71 47 37 89 43 7 37 11 11 71 3 67 3 73 5 17 47
59,20177243169868517907387659164661719773980450018456025138639239743066724294049534996378847090102613679070173157884375,31 47 43 29 83 83 73 17 53 59 17 19 7 29 67 29 3 59 11 3 5 89 7 59 89 31 61 59 67 89 37 11 73 83 43 23 29 67 29 19 89 53 47 13 11 67 29 73 11 29 83 59 67 7 71 61 43 83 5 79 83 5 31 61 59 89 83 5 97 5 41 31 61 61 3 83
60,30654264845572719634252949121006683295724889948735116493774541764541987682846772187460155038221447130251610680540425,3 5 89 83 97 59 47 41 61 83 53 29 89 37 41 71 67 29 23 13 37 29 79 17 17 23 31 97 71 97 43 19 67 61 13 61 37 79 5 17 61 73 53 11 67 13 83 67 67 79 23 59 17 67 47 3 13 73 43 11 89 89 23 61 53 59 79 73 53 47 3 37 19 11
61,35187413317560893544298190523034760256004157491649900453894916587921639760261389324337150880306407602219815117422135,19 83 83 29 97 89 13 73 89 59 41 7 31 83 47 89 83 5 89 59 59 17 11 7 97 89 97 89 79 29 73 79 97 7 11 43 43 97 13 53 17 67 97 11 41 7 97 71 89 17 73 89 19 13 73 73 19 97 19 17 3 11 11 7 73 41 41 61 89 89 59 47 59
62,32535107805560911483791349527849617950164501848322766377901753991529015888482347783763690703904623138494149890639135,79 31 83 79 3 31 73 19 13 43 59 97 41 97 11 17 73 79 17 59 67 29 59 83 67 37 71 17 13 11 19 89 79 17 89 97 61 13 13 43 13 79 13 47 71 7 67 23 83 7 67 67 19 59 61 71 11 59 7 11 23 97 37 83 43 53 13 73 47 79 7 43 5 3 7 61
63,38013640452256176241354715057458975929983486677382532856548498170595469889187690761255169014266629355525623271223625,31 73 3 67 61 11 7 73 83 43 59 19 53 53 43 29 17 67 31 53 67 17 11 11 19 73 71 11 29 3 53 17 23 17 23 71 71 71 89 47 13 67 79 19 83 61 5 5 97 89 97 67 5 59 17 89 11 3 47 13 83 79 47 41 53 71 7 41 31 89 71 19 13 37 11 37 71
64,23178123489200991519142762196863489677974022485114357186951907689604338697125049148497629339099224377873234438100875,19 19 3 41 71 11 83 59 11 11 61 3 19 19 67 3 29 97 97 47 47 5 97 71 31 47 3 37 13 67 3 83 83 7 61 13 43 37 73 89 79 23 23 59 3 61 5 67 19 17 11 73 5 19 67 43 59 41 47 73 53 53 3 17 17 37 73 71 73 31 7 17 11 59 97 13 47 41 19 73
65,22945522545322636833820584546410961324302264458346039744552669885856927820115301104808600935822606337978234731160915,7 83 23 71 73 31 29 59 29 11 79 11 67 53 3 3 31 61 53 7 17 71 31 73 61 3 17 71 23 41 73 17 19 73 29 23 79 43 41 11 3 53 43 71 97 59 17 73 41 73 37 7 13 61 97 43 23 13 53 31 31 79 17 67 23 47 7 11 61 11 13 83 89 37 67 29 5 43
66,21241702448926308097756509507728813932162317969966960775744372298454594158353126982232843308369152330404854741015625,29 29 41 37 5 19 71 73 41 5 71 13 11 31 11 5 71 31 61 41 17 3 71 59 53 47 67 53 89 89 43 29 17 13 61 23 37 29 83 37 41 11 19 23 43 89 37 17 73 5 71 73 13 79 13 53 31 5 13 23 19 47 47 11 31 97 7 43 61 23 67 59 5 5 11 31 5 53 19 31
67,20596357055634823850655915174128642392592528993421525005085000245164438890166021595002846477050936982461837664693125,11 31 17 19 7 13 67 67 97 3 67 83 47 53 67 37 3 47 3 53 89 83 5 23 73 7 71 29 23 11 71 13 19 43 43 89 5 83 29 71 97 41 89 41 67 97 17 29 11 53 11 5 17 83 23 31 41 59 5 97 53 11 29 7 43 17 13 53 3 83 89 17 47 17 37 23 53 31 83
68,26257235589059018193004409384912526813637604796542895937716421757048472510814268631926605730321792423187436309265625,17 53 5 97 67 97 53 11 67 89 47 37 67 83 97 73 11 67 13 23 23 67 79 59 97 47 61 7 29 5 7 61 5 83 59 3 29 11 29 19 11 31 43 41 31 73 19 29 97 5 37 73 41 5 67 19 79 17 61 37 41 67 67 97 17 97 41 43 5 23 53 13 23 31 23 43 7
69,36257996403125999900992399119591687415401234509064791430717886896643028588431206868420927165392119021506991587017225,43 13 31 29 17 53 13 79 73 19 29 19 47 59 61 59 5 53 73 23 7 89 89 13 61 53 3 37 29 47 83 83 83 31 37 71 89 97 5 13 23 71 43 37 71 73 43 71 31 31 47 17 61 47 37 7 17 31 7 47 61 61 89 47 43 83 43 3 61 67 47 13 71 3 23 7
70,33129172260379203324759354923787850056465210866521637111250036066902973582987995643927233149876791432635454400985625,61 71 67 37 7 97 41 83 73 41 67 71 43 29 73 23 19 5 79 13 17 71 31 37 23 37 7 31 43 43 97 83 79 11 83 61 61 3 79 43 7 83 73 29 3 83 17 73 11 5 31 61 83 19 43 53 31 37 23 37 89 3 61 47 83 37 31 73 23 17 3 73 53 17 5 31 5
71,22794219995059652967683474352317247831766847420119578256897893157763395178423647732973185005207794654438894812959375,89 53 5 67 73 13 73 31 79 47 11 5 43 7 83 13 47 83 3 89 37 5 23 79 41 43 59 7 19 79 79 79 79 53 7 79 73 19 67 67 47 3 5 7 61 17 41 37 61 11 67 97 7 89 23 7 13 23 17 79 43 41 7 97 41 67 61 67 47 11 83 11 43 43 3 67 5 3 61
72,32805966782058071323956467717675673202258695762441623065159800279784792157182437500560448780927905492065369647640375,59 59 43 29 71 79 79 61 11 73 79 89 61 59 5 79 89 79 31 17 71 53 13 59 29 37 37 43 47 71 61 17 59 59 41 61 31 61 43 13 59 89 5 71 59 83 11 23 31 71 31 17 41 37 19 31 29 61 43 53 29 19 83 13 7 7 29 61 83 47 3 71 5 29
73,24698032546730936849868047688098143335558512922414975878237294844118839946311940502935737737827720944699270279690855,37 23 67 83 89 59 29 61 29 73 79 29 47 13 67 41 41 97 67 79 53 17 17 97 71 5 17 17 73 67 37 37 3 71 97 83 47 67 13 79 47 73 3 71 13 67 19 13 67 61 47 41 31 37 17 97 97 7 53 67 59 43 7 23 3 71 29 41 53 53 47 37 29 7
74,21417786567945242880930734291745986748609947933174154580363115264685849378283066748796262789771896926462514623435175,29 73 43 31 47 67 7 73 59 31 53 41 67 7 41 23 5 59 31 73 37 73 37 79 71 47 29 59 61 61 29 79 71 29 73 71 73 19 59 79 7 13 37 11 19 43 7 59 79 79 53 71 53 61 71 3 23 79 23 31 11 43 29 53 67 79 43 23 19 11 19 97 5 79
75,21282314694682689416365193375232293919060662689463106470912572787447910010793349951047312099464049425004046111285375,79 47 47 7 97 41 13 83 29 53 71 41 89 13 17 53 13 19 31 67 83 13 3 79 47 97 83 11 13 37 71 7 67 5 23 41 37 61 73 5 67 37 11 23 37 59 89 89 59 29 47 31 97 89 13 43 53 43 59 83 7 17 71 41 41 71 11 59 89 73 97 53 5 7 23
76,36895712138181587774210934628160565172152308877896715578763437589985080466052215620767354976019883158356476331111825,67 37 47 79 29 11 29 31 37 19 3 7 17 97 17 31 19 7 61 3 5 17 89 29 83 71 71 47 79 3 37 71 53 11 71 71 67 89 43 89 97 3 3 59 19 47 43 61 41 31 71 47 67 13 53 5 79 73 19 73 73 61 61 73 71 59 19 29 89 47 41 31 17 67 73 13
77,22299394199156810344974856488272109106219428348567538454703104154206353072775202872459725169096262251567102698089765,17 37 97 31 13 11 17 53 17 23 61 71 29 5 41 47 83 19 47 71 3 71 59 97 29 53 47 61 97 7 11 17 61 59 11 11 17 29 83 53 47 13 83 53 17 61 67 19 47 41 89 73 31 71 47 29 19 67 83 79 13 61 89 59 67 53 89 59 41 37 67 67 97
78,32712563794494314347154150490789543277384898450598778286594486843825915967517766252162223757698098890496316040790625,5 17 31 13 73 11 5 67 43 41 23 17 41 71 59 19 61 31 61 89 59 53 23 61 31 73 5 47 89 31 43 23 53 97 53 71 43 3 43 23 7 31 17 79 23 97 11 97 29 73 71 3 13 41 13 17 5 13 17 79 53 47 43 83 53 37 67 23 43 73 79 5 43 29 73 17 59
79,20826720952238199597226732024764683878378039695214682289156818639521489010302333066866116533629453572477546389892181,83 79 29 3 31 47 17 7 53 71 73 71 89 97 47 83 11 29 79 7 19 31 11 83 7 7 67 3 79 41 89 13 79 31 29 23 29 59 53 67 17 17 3 11 47 53 97 13 83 17 13 43 41 23 3 79 7 29 19 43 3 61 17 7 7 19 29 59 59 53 79 11 71 73 61 13 11 79 3 73
80,31001971100365610425147756013482339884931777524865460598869628961170057201554885888632518109990478074111543181744775,79 59 31 59 41 71 17 73 7 3 53 47 53 17 47 47 31 31 29 13 53 79 47 89 89 29 89 67 5 53 59 43 59 23 43 89 19 71 83 29 41 41 71 43 31 83 47 23 83 79 79 71 13 97 83 89 79 29 67 13 23 3 67 67 83 7 11 5 59 61 37 97 7
81,19744578224168421728624905308916649620749847158361217352050171471318380683737251597742546939634552393803284913803125,17 79 61 47 31 83 83 7 71 83 5 7 17 29 47 23 31 67 11 43 47 17 23 37 31 19 37 37 53 3 29 61 79 61 97 17 89 59 17 3 97 41 41 73 47 43 43 5 13 37 47 23 73 17 31 67 11 5 11 41 73 89 13 7 61 61 5 5 37 3 19 29 83 61 71 83 71 79
82,22207491294300936508750458846239390083536605689290646040867421122350952082344265084163407281194468417362876687436875,67 5 41 53 53 53 7 59 43 31 37 73 29 61 17 3 19 11 97 59 13 41 89 73 5 53 73 11 17 89 5 67 89 17 13 11 23 17 67 41 61 47 41 41 53 11 47 97 71 31 7 7 59 31 7 47 47 73 53 11 71 53 3 47 7 73 29 5 47 97 13 3 71 59 7 19 11 89 3 41
83,32955831548472063700849404086385937919139599180468308500679163954610942516168260531332618987547339266730173869046875,53 7 79 59 47 19 79 47 19 53 29 59 89 29 23 43 37 17 23 29 97 83 53 37 41 7 71 43 53 73 79 5 59 73 97 73 5 67 3 47 3 71 47 61 43 71 53 89 11 19 41 67 53 5 53 43 59 71 61 83 53 61 17 37 71 5 5 73 43 41 79 3 5 17 13 13
84,21892317709089650194062893516870886370862710354260374400720143862584274326765228340507199726463899578458470370015625,73 17 83 29 37 47 7 19 41 89 71 41 53 29 43 23 89 79 23 37 29 41 47 59 43 89 83 59 5 47 13 5 83 47 83 31 29 31 41 61 31 73 71 47 67 13 47 29 53 3 59 5 31 7 37 83 31 59 11 5 43 83 5 29 83 41 71 3 13 53 83 37 5 43 11 3 97
85,27977977359970691703245452354328318223619443559443087703742805283857563652882872416311908704921109212634548953415935,7 5 83 41 23 61 97 67 79 67 23 73 11 89 19 79 23 23 97 47 37 47 97 89 17 41 61 61 11 11 97 29 89 47 23 47 73 79 19 97 47 83 3 59 67 17 13 43 37 61 43 83 53 7 37 37 89 29 53 47 7 97 67 47 29 79 53 61 83 67 13 97
86,22245264173922371222669983011246323138813321653753748519680736922105796819477166078020640255041431379123352071621875,31 5 3 5 43 31 37 83 23 3 59 47 53 71 17 89 7 29 23 5 3 37 29 37 19 89 89 31 17 37 11 59 43 3 29 41 41 59 73 37 19 73 59 13 11 53 43 31 79 59 61 47 19 79 67 59 13 3 23 5 89 41 13 19 67 53 31 61 31 29 97 17 3 61 5 43 73 17 73 43
87,27368683852670177019147718119168150493336336070045894797643268308101724234818507975400873531296972654247079400509375,73 19 37 31 61 97 5 73 29 89 11 61 61 23 59 37 41 5 29 13 41 83 29 59 19 61 73 37 67 71 3 97 11 3 61 71 43 7 5 67 97 37 43 31 67 43 41 19 5 37 71 89 17 41 13 37 5 31 67 23 67 73 53 31 3 59 59 79 71 41 7 17 19 3 53 97 79
88,37871127429164863490384933284066496773701451053616260229298482699813872317631965297253007375295301820375941348790875,53 3 23 59 37 71 7 31 11 47 61 41 59 53 29 13 83 23 59 67 5 79 11 37 37 89 5 41 23 41 43 29 19 29 11 41 19 13 13 83 61 29 79 59 23 41 43 11 53 61 47 5 97 17 13 3 29 3 37 29 13 7 97 29 31 79 7 37 41 3 83 73 67 83 19 11 71 37 7 73
89,35540037999110051394126359458574471520173890839975111011793995467752679918755039129308135177607461914854239407505175,37 23 71 89 71 3 3 79 31 13 41 19 19 3 97 13 37 83 7 23 61 53 97 41 23 61 41 31 13 7 47 41 83 97 3 53 47 79 5 11 61 67 11 43 59 89 23 73 97 5 89 59 41 89 29 59 3 97 47 61 43 79 71 13 47 37 83 19 83 71 23 31 37 53 41 17
90,31731048073197704326477226252895729088015455626028906897878464434515678144342214171280622917480428383726714136777975,3 19 19 71 13 79 73 5 41 11 73 71 17 11 53 97 47 31 83 41 53 37 17 23 19 97 5 83 47 23 13 67 3 97 61 37 7 3 19 7 83 89 41 83 67 67 47 47 61 67 29 47 7 29 61 53 71 47 83 47 47 73 29 67 23 59 37 67 31 79 79 71 7 31 3 41
91,32004979155646012016828951314004759064579998002482175782612463937684191617621860277613022379775259650380771308306475,3 11 47 7 47 67 53 5 41 11 67 23 43 37 79 67 97 47 17 41 19 11 37 67 59 7 17 73 61 97 11 43 5 89 3 3 3 41 19 3 17 79 47 79 17 19 41 17 97 37 61 19 89 89 19 71 79 67 97 97 13 23 23 71 53 47 13 17 61 97 19 29 97 73 53 37 7 43
92,35743181001254870421302211452843681580750600737138194935419632582486202241318847698026976665007014726066201135578125,79 89 73 59 31 59 79 13 7 5 79 47 23 61 71 37 61 5 37 67 31 41 59 79 71 17 89 71 17 17 61 73 37 71 19 47 11 3 5 61 79 31 19 13 79 7 43 19 43 79 17 41 67 31 13 19 5 41 71 47 5 37 83 73 73 23 43 5 43 43 73 71 71 17 41 29
93,37903249876279224219011637408638518022375752407473829450904105854398892387755966778190138729737804565537156242661875,19 53 29 61 17 43 3 43 5 53 37 13 3 67 73 53 7 13 89 89 17 19 37 37 41 41 29 47 13 43 5 59 37 43 67 71 41 31 97 43 31 71 97 3 61 13 43 47 79 79 61 11 7 5 5 53 37 41 53 13 13 31 59 83 17 17 73 79 83 53 73 19 79 97 73 19 53
94,39137204894763047784768623200953716976713013725961276757895280010272266241031287284543194456901032690492957440286875,73 47 31 53 11 89 89 83 13 89 17 83 5 79 53 79 11 11 29 47 7 97 43 19 23 79 3 31 23 29 3 89 61 43 7 37 19 5 59 79 13 23 71 79 59 71 13 47 5 23 67 17 11 47 3 11 89 61 79 19 83 29 17 11 13 89 59 13 41 43 37 43 83 11 5 47 31 11 67
95,22974557743115022704642002449177769099407801051188307841191742618323419013818511236215355714621726317082053485000675,41 37 43 19 7 73 7 19 47 83 59 23 97 29 41 19 11 11 41 7 5 31 73 3 7 41 37 37 97 7 61 19 37 17 89 23 17 41 47 43 11 13 3 31 79 53 11 53 73 7 61 89 7 47 11 37 73 71 59 97 23 31 29 17 61 73 29 97 31 41 89 5 37 53 31 61 37 97 3
96,25844753192638376045710025364883694575416439890367728342192791438941471130780742269006667130039772699769532276023675,17 37 11 19 23 61 7 3 61 5 73 11 47 53 37 83 17 11 83 67 61 67 97 37 47 31 59 67 61 43 53 43 29 23 83 3 19 73 73 59 97 7 53 43 29 17 73 11 97 11 13 47 31 73 59 71 7 59 73 43 17 43 5 17 97 47 67 13 89 13 71 73 43 59 53 7
97,28481090611478546891394333913768773061314807577959507710837550687968851567502226039045828793042391150992565208373125,71 13 11 11 19 71 71 7 97 19 3 29 83 17 59 37 53 83 71 89 31 67 3 67 67 17 13 37 83 59 19 29 5 89 7 59 5 29 3 13 43 83 89 29 97 43 47 43 5 37 89 37 11 83 73 29 73 59 29 43 79 89 73 11 23 31 7 71 47 13 43 37 89 5 41 37 67
98,30206431402572587157684452062065875714760388513827345627251853425146601330404250864257595272398091073386316648631495,41 67 79 13 41 19 47 19 41 83 7 11 83 11 79 53 83 23 7 79 7 23 79 31 7 17 37 79 11 79 61 71 53 23 37 17 17 29 3 19 53 89 7 19 83 29 7 47 3 3 89 17 13 79 61 11 7 29 5 73 83 97 17 31 73 29 47 89 59 7 83 79 53 13 19 17 11 53 41 7
99,28337771613073346677716546906711904401050549371841596820978429087050833795477594502849511746408149165662111258412375,11 61 97 59 29 19 67 53 97 23 59 73 7 71 23 89 43 3 43 47 59 17 97 41 5 3 43 89 41 53 43 23 23 59 73 97 79 61 73 71 79 29 61 37 59 23 47 13 61 59 43 53 11 43 31 47 97 83 61 11 19 17 5 7 53 7 53 29 17 59 37 5 89 29 31
