0xbf903620fa39b22ee9c952a71baaf59876df358b94f6980010882d0e135222cd5297204f6bc0936b75199f6da77e1bdd,0xbf903620fa39b22ee9c952a71baaf59876df358b94f6980010882d0e135222cd5297204f6bc0936b75199f6cdd5e1bdd,0xbf903620fa39b22ee9c952a71baaf59876df358b94f6980010882d0e135222cd5297204f6bc0936b75195880177e1bdd,0x377101b7e46d6f934ef0ee84a3e2d3b0775c97721014082a1dbd925a0accf7b3dbda64b3de44fd8bae225e68ed41a012,0x320d98e4a8510e069ec832b25310237bfcdaddc42aa81976815d4c5f62ece580e53f7d4a810d0d364ea3ced89a96cc65,0x348259845fd833458441ff3e258acaa2d2667fa795a24e26f70db320c917,0x3a5ef9cec9a255e5882e62ab73b988e1099f7
0xe484d3810cddff2d2d6fe1847b986f2c48aabe665135ee14b768c89c48ff5a2810dccee667e75b89a5d25c9d6fbea737,0xe484d3810cddff2d2d6fe1847b986f2c48aabe665135ee14b768c89c48ff5a2810dccee667e75b89a5d25a799e5ea737,0xe484d3810cddff2d2d6fe1847b986f2c48aabe665135ee14b768c89c48ff5a2810dccee667e75b8992865f0f3fbea737,0x350b38b2205a15d9fcba52c27e81d0a8f94b579431663fd6c05958ec46421ba72fe50a30e090b2bce46bcf7ca90d896f,0x9021f4415f4749e4b6115ad6c530501500590ae7bc577a4180f15d37e37ce2f11ffe15a756ec8d5e95c80fc0251a88a2,0xb3ff844d2a3842463abab31ceb16eaf1d2127c49a5e83606f5896654110b2a1c23b16090bdb2be22a883,0x145020c27ee47
0x8615329f525e98614eaea45e19dea8899fdd54efebd03f8957dcd71e26b4d976041d9415d1120abe85620d740fc14ee5,0x8615329f525e98614eaea45e19dea8899fdd54efebd03f8957dcd71e26b4d976041d9415d1120abe85620d7345a14ee5,0x8615329f525e98614eaea45e19dea8899fdd54efebd03f8957dcd71e26b4d976041d9415d1120abe8561c6867fc14ee5,0x3ca5fa473bf3517d05ac57761e373f7bfa4412062a1870a3464de56bfa50060eeb24a68600b810d75cdde8d6f721695d,0x309631f8f596af335497cc880cc1bc09eb41995880cbabda8c772e2f258f1b9000358a4d31e7ab7074399219ad34d070,0x44bf0dab629b73a6a9da703123a6a9aabf5e31eecc8e66fcce0081d1f0a9,0x1f34d6de61e52fb1a69696ded3e16afcd3175
0xa737b17a45e9b7338add32b02c2864520d54c2e9a05aa78aa118c6ff59b615b3eafdcbf3ca21a6942ce9c458e0e1a3e1,0x814d602c2a3c005f2a3a7bb06280b522a9f7bece95d763f0d405273d2734d1184fff18122791087aec07a6ffbf4b9849,0x5effda894ae01de085cc8676968ec192897ddc38c2966ef2b5a30ed83c4970492eb3bc96b06f055df5a915656bedc974,0x49cae96ce8b1b53d69710a2eec2c82fd99773839783f29b86d463596a65a4909d337a7fcc160e469dfb0db5edf213cc4,0x399499f1cd6dfd7a89ba9110d45f6bab9085e7e707b9aed9833761100b46b790c23b84a6ec6b226b38bb603be62e0bc9,0x793a81ffdf7cb316f2a014100781850c44e7f8db9b205bbb67e7678b4cbcc7ca5002d373c3,0x1611d994b80a737cf9453ed
0xf7e0d03285ca3b43d69461dce593eb419040a2e05a6e6b1ab5af3b6e918b36adcba2b94a5cee1ad301d5fecfe352e079,0x8bcd495954fd62cc19188175d77a4ea101701edbd98d9e48e0e9e67814c9ef0280350ec9c0f18d59a4d0f51c681f1b9a,0x9d69216aa8f15009f77820749d2baebc9fa793208d0beb63bcf7a0966130f18becf82f9c46f5e1622ce747fdff4f8f7c,0xededf9ce791d6126d8a2819ca0daa7bd4b55a1a802c741bfad77cd3ee2134f257a73c7c196aad4a7c8e7820d5476ad6f,0x35122b6c961706c5a25673871d78adfe762a168f8eea2ffbf600d9b4b6011b7aea640f90562931eeb84eba6626e980da,0x2447b8c21163fcd2b23f0e13a42083438f8c2aa69ced690c87a4385fffc95dcdc6629724ffe7,0x6d513d0df62a78c164ee5
0xb979ff6960ef6c8d7b28c6fd261c3121d9381ebfd83ddecaa088565d7d4d7b4409cf7ba298c84de1980bb77398943e7b,0xb979ff6960ef6c8d7b28c6fd261c3121d9381ebfd83ddecaa088565d7d4d7b4409cf7ba298c84de1980bb772ce743e7b,0xb979ff6960ef6c8d7b28c6fd261c3121d9381ebfd83ddecaa088565d7d4d7b4409cf7ba298c84de1980b708608943e7b,0x862a1747a6c76ca9497675b690b1242b85d3563131b073001c05856d5c99a7f5bb8b07bab78403ba093154f259de7e67,0x8ee5d74f66a18964d67df143b2d77c2ddcc6f79a20b1c55b874adfc1f9cc735f35f039ba49b9bda6f216f391b77de78a,0x13b54c909419455500bcd1d88921f1788adadd96a86c48bec1c6e49864336c4ce1b827,0x969403bc2288deda3a59792f7bd
0x9a91ba369dc5c40adec0f251d8fd03d13740fc211bbb7301d3ce3ee209e88f80bfa20e2f6f2974a437183f2aa82daedd,0x1439a0a50df8a8dc148901b90ca7b60a5c36e7520d33bb6c14e08ca46ea759965570c129c18775ac1514141320fd40bc,0x200baa3a5eead4f09b5599345c4d1332fdfa9b54397bae2872d5358dda67d10c12c6befdc409c9577548c7e3e17f0a2e,0x79b88a1ee87f5375d6554e830cf5da8019b647412590ecb3d28a4e19b0564465c8ede8d204dbca4fe2a9d8b5620e1c0d,0x93897eb1f3650515fcc8557b17c8d5dafc0760a45e8e2e828d429c407b6f4b13734122e10fad4dc73c68760588c8b380,0x2e4ea6e79c2966e05c308c21933cc8220d63228143c3de3c9b8b1db9b752f,0x3568114fcd02a5f8f03659e51e863e1610ab
0xc1f4ae1e9b7f8e1477779c88d640e672feca8716f60bd494cd37fc83e967fce20bbb7ce83377d1585673f6b604ae2b79,0xc1f4ae1e9b7f8e1477779c88d640e672feca8716f60bd494cd37fc83e967fce20bbb7ce83377d1585673f6b53a8e2b79,0xc1f4ae1e9b7f8e1477779c88d640e672feca8716f60bd494cd37fc83e967fce20bbb7ce83377d1585673afc874ae2b79,0x6f2d240e3ad3f2e9d25c26775f4d689e71d7aafa14506c90e6d0be8ff776f6170b0720ef0bc03d77f3543b367a699efe,0x539b5429327e3b0c9928e65c967ba1c28fb57d2009a6017e7036d09fcf55d2333f9e493251d65d7d487fcf70983a6407,0x307759c5d6c8b98e293c52a824f7cbf576608cf3ecff09b8d727c845f,0x4007af3c461a6a619a0b7333029fd4f0fc7e31c7
0x89aec8555a0a2100314ea0ae2409c0ab78622a5fe5f4bcb7abfb38af6084b832d971680b6367ca3154a636223ff69b3b,0x5f25ea4021f857239e9f5bc807a004d75bcbd21704361abbe750c62fadf2e09178b8f1b0c0b11e6847546ef89dffe666,0x52080228dbe51a7430f7728350b5c7dc7783f60b9040369484d26219730a8486899d4ee736779d24941b9f357ef75744,0x4925072f1ffe1d694b14a3a280e0e47fa23f33e536621784940c2cc044e49f91f16a4af606b24dca6d096f8e1e4e94c4,0x31f374604ea109c0cea02f83fb51199e04a71ae638f3ab05a41a77caed51ae4247916df5c70884580a79cfad0a537db6,0x13376cda8b6ae795cf73076d41b1958f4d051dfbd277a5d2db98ee3,0x72a31766e982a07613767fea53b2d2e8c9634473f3
0xee02d66e07fae573132dcb470a9ad1d49f8ea4f01037e6bcac26fcfc078f0326c662599939c9c787d796c07fc8e0bf25,0xb703609a56e7d1f7c76d79507b68f5c3adfc6a9fd2ada0a48e1b6cc7e0fa8578be8e36d089e2f4f87d68fd98ab3f423d,0xcc2f282932a0ca8ad4277bb31f68dc8779b9d710331992811c7e2fb3aa53e5dd2065409a35390d16b8806c34ddfdaec3,0x52a9c308b9e5c525489ec0fb6a84f4f615974660ce28080566331ac8ab8248d548c3678f955ace18779e25a25451ca42,0xc208e68a4c14ab664894bdd5f2f7b44c654052cc75750c944779afccb767e53dacd2750f5b725d19fda60abb5778dbc4,0x3174f409909e861e8f9f2043f4e7a69d386d6ebd85084a8ae2208b9b4c639fc2ab6d521c3d68da3920197a9a811eb57,0x4d
0xb10d52f8be07c4a1658de25dc0b21ba52cac2ec42dbac98e634c590abe1441171475b03c8047466c8853c751f2f4fcdf,0xb10d52f8be07c4a1658de25dc0b21ba52cac2ec42dbac98e634c590abe1441171475b03c8047466c8853c75128d4fcdf,0xb10d52f8be07c4a1658de25dc0b21ba52cac2ec42dbac98e634c590abe1441171475b03c8047466c8853806462f4fcdf,0x640633981a14389d378bc962a67fead130359d43cf102f2df3c65727ee485ccef2dca1ca3152cd6c5f337af5b0d7199f,0x1f867b072d8ea7c8ea5c0058ee313e67c927b1d133f1f939e76e548291dbfaf918d776100c240a576bd90230daae94ec,0x16959424350c7aaeeabe04b2c07fc25e378b103a0737a4831879f0119b9,0x7d6f0b465ac919be5698a9e1b1ec64e3eba6e5
0x91bc99a135abd618e0a74adf74d14cbdf24495f354a96c700f4cc6c49c890b0126474c00b7e6992034500d6f5dfbe9ab,0x107299897fca49621c410967f75ecaa6b5f948fc4f2a709879bcde91668df380714700716bea49c84a07784f94d5d953,0x8f7974d7bf585eca9f78e5d42bc8a42c170c81242ca22d846f2a04eb9734aa6e8e50a4c727e258811c5b76441086bfca,0x4b53bd9a8e286cad9a46ef4bb348e20c30e389a640f23bb5cd1bf4e32332fd2bcfaf19a90effdc6ad32bd662ac20991b,0x7d026a5274c79514f3a4e9d21308226a6b82437b114d5f236cb3b37119949e27271ecc7d9658a942ecebc5206f9f5718,0xe97d57608b8c60341aa70d784d18e736725149fe9badee37be9d0ef6b1b6d49f86b,0x9fc977738959c4dd828abcbb945e5
0xc2b4bca30737aeb7aa30c3073fccbf753044212376797f6a581cec0bbb4a8f7047ebf21e21d1c70e8d1aecb9a5fde9af,0x1fa1f6988b31ab3d50964ec5fc3f1b8b79dd12568473724fada389e2aafedd5e0402d2d3d024c13d12a68a984e9dad7c,0xa5ed77b48e99df33b57b19a27a547b0f52dc7e6e3532e70b5d3f5fb08f582b58f508e2a2d6d65a71d044d4f2ce643521,0x1e1b4f183d9d5ad1fe9411ec912583d33d27432f3b3c82a01b07db88f76dc5566b3336b9ccb7e397bae129b3b3771f02,0x6c87fc907284ea647b04a6081676328691bb54e794754a0e4a8ffd65f8d403a7efac42eb29486f286138c627296d3bd0,0x357400fc2b41cca30da9c97d2993a2aab3aa44b85e4fa2eead103ba298a4e55f7,0x3a47e7c4e12310adb79d838e303a1e79
0xa3879b4e14b128da434857c34e777d880143b8b120241817fd62722a40ff7376a131551d9de2642839354145efa1c893,0x2b97295a9e514e1d0227865c268f166278ab09a1b359ad4bd76443646ec4b1b31ea061a963c974cf8191f081028b6201,0x10953e7356f2450b4921b5d5d2d6aadf474116823439353109c080bfab036985dc4d85eefb6d3aeeba4d3ff31dbf0473,0x343c56d825156b65ec2eb1bcd81b936b74a2635f04de8f146b548fc66353e39b3995af0ff8614d706e43a3ed6a33bd4e,0x9cfd3887fcfbbe6fb6dfe7160349444cc965454f3e15c5740022293e2692c59a8721be4df88482a22dfde424120ddbf0,0xb9c35f5dfcf3e05025c6ec87070c1c8e951e707d3d0376c369e0625be42c677,0xe15c2f3bb75dbb28c774f3cf06718ad77
0xf3cc9cd580599b9fe93a5265881dd25a9b5cf4e258046a797f3b06bbb4de0a403680cfa9eaa7dafdabcc3d627fad2e9f,0x79c65be497ab877023370eb231d26b3d11bb075c4d15be65aa2cb903b41b7a4e8c4ff8cf5f7a59c2873320cf9ef4f2b8,0x846f9415a7699ea8b1daa65a1abd9759694e2aa1b0b1710a858b98e622894a5c5327cc7175e637afb0250853f6e7536b,0xeb3332632df6c5a00d94d5a869e47a209f398599282f2ec37597e5126c128d6955c32084f138b5a0a3ebeb9dec325da4,0xdc3bcd72e7bcab14c1b5e55e6152f8cc96d5a9ad079c6aa505956a68e67d93ef35e84c13af474dfdff9e1220b93835a5,0x5ec6f1f67bd53e3357313f3537d728b13c6858bd48ecde8d7f2956c12b45acf,0x292850f019ccc12454a2732d14eac31f73
0x8142084e313e96d68cf7d2b0b5d3dc418a09ffe0d2e0a46ec73b8c229fbed6888f06ed6a69edcf2cbbf29b4fed97d8cb,0x8142084e313e96d68cf7d2b0b5d3dc418a09ffe0d2e0a46ec73b8c229fbed6888f06ed6a69edcf2cbbf29b4f2377d8cb,0x8142084e313e96d68cf7d2b0b5d3dc418a09ffe0d2e0a46ec73b8c229fbed6888f06ed6a69edcf2cbbf254625d97d8cb,0x4c067fcd680eb05fd2df7e5f34887b34814dae1ad277a857049eeadf6937b11c4b819b0d58d19f44f1013ad081f1b944,0x73202fe4c78dfb05e00cc951bd89784613915d13993922aac37b7965a3a68763d954c40744d890100132cb987223097c,0x4501b3fa7de0c156c74bf6de2c86c38dd13150a7f41a251b82f46f0eb988dc6ba1,0x1df84fb0b3b6d2460e063e7a7c00bcb
0x9e12fd2df7a4074d67f38d1a29b3e3dcbe5fcc585a43065fe1ef262810e5ce158735faaf0035b261502013d490c77327,0x05dd64e57bc97943b68072ff8b6cbe925267dc2fc0783db5dabeaeb8c401d27910a6e8cbc263a882ad744929f920e4b1,0x0f0bd7305a2c0e68f14d5e6cbf2fb156b0bcb33ecf61ba422ff19caaebda20347cc801770c23ffc127bb498849b1f1c1,0x1dca560cdc97234891ac654b8edbb914f331f27379cc46f7198a222d1fda4a5b8d6ef6db9fadf466e3eac7dc6c734bb5,0x3395ea36ae6fc914b79237e907927fdfc1dfa3f20ccebb22a0538c8d6c433b66d4d1f292d21b6baee5f41e11bb635da5,0x6e8fac34ddaccb4a5459c9309ce327b948acc06582b53890402977fcbd7c7cd7ac875ffc3830a3a35c2c9d1,0x16e03a9b5d
0xa38d943706100da484b851e75e8d44aa1e4db56fb5704c4f01774541fa7284c9cc0e45a2f0e61133c9f4e05ab1250973,0x511864f5997300ff8a9a2f64cd602321a866ed7cff17ba4e62361af23cfecadc0c8c80e55eb250c2824cf25fe62e8cba,0x00a532f0c41ee6c9e7d43091b1f44ee43de711edff030a630f9ad0fb7085432dd06594f55790f0c92db079a39a5cd629,0x6372c11e4e44256e7c6e02154473fa246946db669e52db757cca96d2644d62215eb7515d3fd3975e19d551fe07498acb,0x9833d760437386b24a7b027d6a542b56d2abcab8d437c0157db6f703fa4a21c5f09d089dcdd641be15dc062b0af2071f,0xa1229efe825dc94a0ccbd59ad3c586e36b1c402166f25a4dbb8dfb6777314fb55bb3c9c8f,0x103d75b011aa3c159ca843ed
0x942bfb9918cf03e5e681a0b1ad09644e9f17329bd72ebfdd86182f09cb5e581a0cd1c659b80cd2986f0b14706d2a8087,0x942bfb9918cf03e5e681a0b1ad09644e9f17329bd72ebfdd86182f09cb5e581a0cd1c659b80cd2986f0b124c9bca8087,0x942bfb9918cf03e5e681a0b1ad09644e9f17329bd72ebfdd86182f09cb5e581a0cd1c659b80cd2985bbf16e23d2a8087,0x3aa9d48235795bff88594e698cdc982d599051ba20e16a122a6a248130086270bc11802e0db7f1160967f7690d9435db,0x6a85d9ca8a78448b3ce07460a26430ad8ef39835d499245cd3072173fd23aa94d8e604ce36ae06ddc4c4a39d6a77f17f,0x15db84ad0aac4ac931795c28cde458e01f61d4590c9a9327db4ddf7d063ace7ad3c5cd1b89cc9c7c3,0x6c76c20c63010aaf
0xf42d69cd807e40bcffdd612dccd222e8695efaab29ad1cb8680647d626c7b2c0373c6aa1c83e8125c1b8740c86adc41b,0xf42d69cd807e40bcffdd612dccd222e8695efaab29ad1cb8680647d626c7b2c0373c6aa1c83e8125c1b8740bbc8dc41b,0xf42d69cd807e40bcffdd612dccd222e8695efaab29ad1cb8680647d626c7b2c0373c6aa1c83e8125c1b82d1ef6adc41b,0x4c3c3bdf669d783901459d99c707667042130e9311c3c7680a1b5e68e8184e31849327678af977fda3f8f0b4a41f63df,0xca9144af69a4b683bf24d199a7f0ea231d3d66220b0e2db5e354cbe0511a4a0f011c1a2a60b73a4fea78ff9a6b6a6a4d,0x64126d75746b923de60fe53816d25ab9739b0d3115932548c1cb5a813e3983f,0x270a4fdbf88fd1542f81ed8aa0bc84e829
0x8ff6ed732d277e75f6be53621ad7702e68126f973e2b5623df50b94618fcad3bee96c61789a6c30adbb43f516f2e5083,0x8ff6ed732d277e75f6be53621ad7702e68126f973e2b5623df50b94618fcad3bee96c61789a6c30adbb43d2d9dce5083,0x8ff6ed732d277e75f6be53621ad7702e68126f973e2b5623df50b94618fcad3bee96c61789a6c30ac86841c33f2e5083,0x3044a9eb121248ea35e5b174cc0df91878f30ecf5b285590def7db6866550401864ea1fdcedb3b47fa755fcab7fffc04,0x52ea95ea2c75f655789494529f1e41894407198976bf4116db807b8f40174e0e2a6bc62cf5d34e308c8825c713ae9576,0xefea0e9aca33abd12d0234f3214f5281e91cf08afd88a0608969e75648e0e8dc593c92de4118effb3b,0x999df7bedf9f8f
0xbe0f71d108fdf263aab8f630024c33abd04ae59190d31e56b45b887ca73a94a9995c7dbfe67c2afd96bf7df11d16c359,0xa99895a29135f4c0286665a44d77383e0599b011ddbce50f660410f2d5862534cf77ba1eb920e613f8188310ecf33776,0x7626731398a1d351082dfa4fa417eba46e878ab0187face3ad071f50b05538f6d79340d04e672afb84c8c26036a24184,0x228190d29867800e68f2b824c69a373c6841c0f694360c1a7906ffaf843f63577fe3dbfeb45210ef612c1e18a8c2c5a4,0x4ce57d99b0f862b330c24e9c9e7ae9a813668f42cc88ae9a3eaefcb094efced68ae69a2ad55aa6cf7ee094b4b8af0b49,0x2c0ebf499a5e2e454c13654b30772fc421e68785c5b6d66f9d2080ffb2f255a4abbc407702ff49425,0x4505c14db35dc0fb
0x9727b6987719c07faf48be37298ded0a711544690c4287c77b36baed2b126e50c13d4e6f464f58357d6995524a016927,0x21310e4511d16a6336eec396fb09f5af3e5ec4aea9cfdff500e41d01d21c8fb67d27285fca2469281cd1f2a3e30da236,0x2326e22bb7ae3e7841627fe180102648ca3ce3ba795fb3582c5d40fe383bb6b7d3227af35a0e17cfd30aed3e22652aee,0x1ef7665e5c966e67640f09d6507989f799e3d275a612e473d2632c70012b942c9832fdcbba72c8d9d87fce6fd3e3f8de,0x1315305cb5bc878269ba1ffdc464e0073cc0f22b9e7143f89db995787d252c7af7d7783b2036973ec2f7f26cf2fc68f7,0xcd4d24a6cb13370def81c1d561128c42e337c194ff20a887f65772d0fd,0xbc7b86309d56c39c7daa764e3b235e94dce8c7
0x8beaac1960f5ecc9964633bf2283677191a47a38cd937cbd4ad8bf75cf6d6819bab70445ab59c0f9e129b402c5dd2303,0x8beaac1960f5ecc9964633bf2283677191a47a38cd937cbd4ad8bf75cf6d6819bab70445ab59c0f9e129b1def47d2303,0x8beaac1960f5ecc9964633bf2283677191a47a38cd937cbd4ad8bf75cf6d6819bab70445ab59c0f9cdddb67495dd2303,0x722bc260cc0faf56a409a757932adc212453b38387a7c2c7325aefcff67b8bc456972115871e2ac04d025168e1bcffef,0x597f289d0a06c718346c4cf92213227638571c653331da598ab328d878e9ff04a6c54d7480746ec1df2db502fdd4528f,0xcddc8078e21bf6c9b21d5925604068757672e3ca0196f6f87e018d177830b404fd6e98f3f0eae85,0xadfe81f3ded1abce1
0x861b481df0a2cd06d6429c81b8b661e62f703d38d6025413547f9326c1aa9540ad2f3cc190af11ef35ac2b4dec1f2ef7,0x284c04a6feae13db07d4e6898a0b620c5dd163ebdfeaace282ddbb4274e54e027002adb0b4575571a7e782cf45d47add,0x345966061c96a87ffa32a5703ed6b215a375bcaa2c15ff1e93a7b174639c793aa5f145185d376ecad80f8fdbcaf0ccf3,0x6db31a28a343cffab1021067e5f124fdd4f9899cd88aad479d151eefaa45646f2f07c7f16c92d683712e1ce7192cea04,0x34e785b766b02f0be5769d0879d7ee289b2f476d76cee2d464f8c4c98e9777cab2b1b5b9087a48347d934858bfa80592,0x3e7303417f22d7efd8f158437be01d79b54595c7a7f06bf0a7a3838ec4b2bd36c6424c58083,0x225bf2a52bb8900bdf8a15
0xc0ca3de707cf91d790b6f0cc7c7dac53254405698720b956bdaad2f11a207a93b02807ee532d4c336fb7982a26e57adb,0x9677bed12cafbcacd3f1d97b67aa5ad49f72a6f35e2601bb70239f48f9f5b83e68ac81566e4facfc7cd5e3667f3af9d0,0x031a772fc4573dc260b851e82cd5ef95cf13f2652b2889f427412a321816b5f9e51e1811de8efd3efc23f92f95415ef6,0x823e46cc8058ec4b41818cfa6cfb38a1f0bd9231f9c84c15e2d4dbb8b9598cddda028ca392c815fb7246120909e9d113,0x179057d0fcccedab69ec68b3e77cb40c8d9b2a9a90e4c5c2081064184316afd815800732047609c25e621df025c982be,0x1aa055a0e2d2026805b86ab10992e848a378a4d4af303ee992bd45a9aae31076e1,0x73d96e839d7dd79c5b865869553cbe1
0xa33a4dee76e7b644d74fea3a0f23bd1fa19e87fff0dd60e81c1dc33551f2ec78d94eed3dcc89545a8e28e85e713789b1,0xa33a4dee76e7b644d74fea3a0f23bd1fa19e87fff0dd60e81c1dc33551f2ec78d94eed3dcc89545a8e28e85da71789b1,0xa33a4dee76e7b644d74fea3a0f23bd1fa19e87fff0dd60e81c1dc33551f2ec78d94eed3dcc89545a8e28a170e13789b1,0x1f6f1b4d9b2bcb018af6cc18c98a89c24c7cf50d69383c827a7b4863e83e3f97505cb004dc45287bb8d2045050ef5e16,0x9835848dedd6a6a49e5461b6317649b7e673bb9a4a1f22e59b80f2734df1befb8abbe2d764897b09a8d98662eeb97b0a,0x246fdebbb16514717ce7f1062a2533e40b225bbd89906c7c21567ee13b2e9326f,0x47acf5715f6f07368fe8670e130311a1
0xb73cae5483d71ea53beea5cdd777cdd9753b37c3431b5c80cc14d829ce7b25e0e085c643572844ad393cf2478141cc1b,0xac81a8479c2f74848ecc4585f4f47e46359f0ab6c4f05a7900a552216873c610359c5fb38a20d28b40aceb187b28483e,0x8877e154b0728e48cedd14312c883a1c1685a14ab6b3d0e406daf714da47438048c74ce4618e23ef118806920d21648b,0x65f07896bded76b85a480b2b9b696f3766f592af419c488391fc502869d98a736706b7ca9fc8fc0ab1ce445ea5148ef1,0x51a5127cb4cab31072a3f9e8318b569fd16d2d43d46960e70a08e4647db66bf17a41b55df8182e9bfd8f6fe26ea8a28d,0x1710a8ee6f271e64cd19b1794e25eaff3a07e5d50f3afaa7c0fe249,0x7f1c0e11da5da3955acd87b04368e41f3209b7373f
0xb9d0311924ad4d128c6925104d3b8ee85ecdd880e854e4bb81a630394be5fc92639a07880c55dd952ee42acbf2e82a21,0xb9d0311924ad4d128c6925104d3b8ee85ecdd880e854e4bb81a630394be5fc92639a07880c55dd952ee42acb28c82a21,0xb9d0311924ad4d128c6925104d3b8ee85ecdd880e854e4bb81a630394be5fc92639a07880c55dd952ee3e3de62e82a21,0x787506ab55cb1ba13ede74c01a7ff83008cc406bcecd44904a61707fafc557d348d070955c4337f91a2ae38955616552,0x52fd8479c3f8ae74931b93c6e64e1d2baef7a60a64afbee8900c36f7b3e733ade81e5b247cf801539467b520c91f84a4,0x491f48e00e4503fb110bd34718b23ceaf1ad9ec8bfee06f94dfde6af1,0x28a87b107abb8a27e230782b960abbe84927addd
0xc5e675fb37f74eff1af5eef346a81975742b0c1b1bf5eb71498aaf996f887ef93c261e19b1e170fd7edf7237b7aa9c8f,0x3ae2e4c9d76e4df196de169bf28a51a66b171dc3a1fcce2c7f0660e8f1e9de12ecc542e56b5ac967b2fcf7eb829555de,0x77d876c01ae67b828af3f9681521d69f08faf47e7bb4fa2d1b456c6163ba55041da57abdaff51ac212fa34ace38ff058,0x5787d7c4c9fc281b05786ec38703066a47a4c2090b630a4315f7d663717868e31647e75785a9117efe361a0693982a43,0xb21dc22b3a631c596b43865a52def40c2bff548575239c841f15251217f8e46d797daacca0bc3af0e0893e0f13f0e9bf,0x119fd623023c22ecb067fabbc8748172a25471cf9ecd45893b6accadb,0xb3a91eea433dee98be8224a3543a33a5e410ca43
0x80c73c59638e881f4ab37a03d335afcc26228a1651539d413f426cc1f2a34f00805fd6eb5ec286cb6f1c86a363282249,0x80c73c59638e881f4ab37a03d335afcc26228a1651539d413f426cc1f2a34f00805fd6eb5ec286cb6f1c86a299082249,0x80c73c59638e881f4ab37a03d335afcc26228a1651539d413f426cc1f2a34f00805fd6eb5ec286cb6f1c3fb5d3282249,0x711b061434bbb4ffe581af7e3368c0eb8aa6d11dd85693531c8b7503f9c96328f00119d020ed207a8fd904065bb6840c,0x1d62ff5d7bd817f3874319c1977c2a0a0c67bf5d96ea14669950e516237689d39464208557571d707ceb3c798451a5e5,0x4f3a12a43425a7078b462bb2d35820e07ef72c48c7724c6ff245fd41fd85548435,0x1a01ca71235af1b562e9ea0d327b59b
0xaa0ff36f71fbf06b7298347d600863b6d147248f4f8c81ecd021b0ffe7a01412893f6237f81d7c3813ded5d45748b0b5,0xaa0ff36f71fbf06b7298347d600863b6d147248f4f8c81ecd021b0ffe7a01412893f6237f81d7c3813ded3b085e8b0b5,0xaa0ff36f71fbf06b7298347d600863b6d147248f4f8c81ecd021b0ffe7a01412893f6237f81d7c380092d8462748b0b5,0x25b3c39004d73a170aaf63216564a96fcbf87bc1b3deea0935cf9a44e90ac9f761469a4547a4a183c213ec44f6daa5d5,0x0d6f89eb9e1c6c7c720c580188e3131041546d1068750beeb48c0b356a42c98846141926dc5a870b3ad66bd1e8f290af,0x49b95c1cadce9ed77003997f893b99b55ff016b87341c29e3a378c966acf5cc1fa9ee2bf3e5edff7,0x24e869243705b0147
0x88435734925cf440cd5e2c3f279213773474d1f821d7daed917e97164c1566de3768a54d1d5f6b82bae1a47ebe4746bb,0x4a3e175e474e0344f59b3854cb304e18fe5d47c1fb2b364880e66f058bfef79e4a990a2490374cfaf5fdf0f961f74eef,0x5590fb9e4acc1d594b5644c28d4c81ea50a1c0b5db2bb7e1b8d63babf7d35a76d78089b252080642044f4d4f080bc165,0x57bd90d130fbfcee256f28d1abc4110258fe4e2c3d8f45c051d52d2328db0d27504ed36bed92343b94f95f6cd9a13e7f,0x37b47cc0c528d7ef83a238a81e3a1d3d777acb6785ccb1c9b725ed5553ca3bca767af86fb331c578a586e352de89ceba,0x9ce73a2e8d7e855fadfec0d551750d091e9fcd73c11e2f44d9232d0b6ab41,0xde52ec10f914534fadbfce2817d8b4de741
0xbecd553c57f286cf46f93336c70a94a9c5902bae20b988de8e7dec629e8d105a23e95a28d50c2542af01f442d1267ad3,0xaa3b5984c9f87487fd97f7e05ebec23db5d8aa2558e9456275da608c6dc6232d38aa980ab2539d63c86a487464b5e0e3,0x4310b3943f71f6e52039bae86b39dfd06b4fc393bdd5930bf16c3d41468d801e546bfb4a3315c37514f1f011b644c54f,0xb71dcf245cf77504a2a3265579eaf9d38efea3c66eac64ad7b3be4743616b902fe8f8ba0febdf5c2c391eb49d0bcfea0,0xa8f9fb98d81c2ee5416646fc7929a339e8e8326e41b30e00f36fd369e0db67e4a4946922945549144c1e2d1627167db4,0x6f666df90bcaec410bfae22783b0f72cf132f2ffdd5b0e84eecb454b6c74b,0x1b677afb812db26b5f43130d61790a77367b
0xce83754214f2885edd4330957e74d05f959745b41492305181e27408ee5741b6b36abfccd96ed2b6d7e549e8f63c3acf,0xce83754214f2885edd4330957e74d05f959745b41492305181e27408ee5741b6b36abfccd96ed2b6d7e549e82c1c3acf,0xce83754214f2885edd4330957e74d05f959745b41492305181e27408ee5741b6b36abfccd96ed2b6d7e502fb663c3acf,0x6611958927d86afdee097db4fb93c2f1fc7c8a00c2f39d83397d53966aca10a33cd5822ad65b87f1f3a80cbf6d7071ec,0x3e6fdba165a6c43484c15bf279b708ec286ae4121b9ad5c6300a9f9e496f4708689af4c251fc34d2ce3292d9948a024a,0x3a7ddfc33a7fcc5091d2ce4306081045bdbc7bb1bb3f626ea5ddabf9b82b6f659b21,0x387d87523850de2a1c0cd8b418025
0xccd212e75762789ff586696b5db6232b7bea93e622dce675b0b9e2833b4e9353766182b9c2eaa63b9df5da4d586a6175,0x8f2f6368d9116ea140bf2e7fe69545750c3f3f031f6b51940c812a51a26ba1217bba4057ad41105b022b63235eb1bcef,0x2bb35b9688ad365e265ba769628a21b1263ccb9d26bad37c032d6b0b0c1220ac549c54f6f319228d01ec2d2b2f0ea1d9,0x6102e8e920eefa67c51225cbb8efa6acb82b4aefa632b7ed5d6b66b5ffd9642f89044d03ba03dd2e628255d0bc21d1a8,0xb55562b62faa728e8a3e267eb1ec338e52ca353e60d28f1320e84794af0c7fa6744103acca27a3b625e3c9597942d37e,0x11b1d0735b71bec0c9392781ca4b230d85c448a7294ff60711a3f7aec9d21d0ef100a1213bef8150e55564df1,0xb934885b
0xbd3e9875520143e17030a299987c636260af62b4054a4e489f4963291e5f751cf49852ae81ff053361a03d0ce3023301,0xbd3e9875520143e17030a299987c636260af62b4054a4e489f4963291e5f751cf49852ae81ff053361a03d0c18e23301,0xbd3e9875520143e17030a299987c636260af62b4054a4e489f4963291e5f751cf49852ae81ff0533619ff61f53023301,0xb56fef159a624be186addd59a47a60783fba189ae839883a9ebb69e15216f05a3de03a68fb99cc51d938949bfae09860,0x2d9d47f6c7d77a8144a8fb35005422c5f2ae7b056d1adb8eb90f4baa6cfae5d6408f1445bc6b8b21efa2061b1b02319e,0xbe1454081abb382c9bf5d656cc3b28f48cb1239a9743310c46bbea775ad,0xfee024c3247c0e7456c15b1a29cb15e88f45b
0xb4ae4e533af180380acc7481048a172256f8a94033be9d9b632063e1c9ef9178b44ad1d9537080803cefb14d7ee0f467,0x60c682ea27308172d635ec13eade96043856c57c6e344b0328cfd813ff677da3e716c7d665f17a837d459218250c8712,0x7f999ffc2858a4ea4d6c00e4e2ae8bf3464bdc732436fe6e25cae4869a1f7a132c45cf54fa807cc6cd960e37c6cd76a8,0x3b6fbf82747278c61235729096ee17f2430ea70e69966ff738125ae8fb60c5be70fd530e85c47c4fd561db8571968ff2,0x284d9a0feb9da8bc5c8277a00213ca3e377d0453bb90c265c69bb2e43ecb43ff14c9f7968c28b6f410454ba5411cb47d,0x124e9debe702db96b1a4addfe0828781f6a374c7d32d0b5a5c9708c5b0944b804297ac0c2b63cbeab5bdbf3,0x9de93ece51
0xa85cd2460935726d17747dc3d10034a937891715aab2ca4c1f331a881112a3beace8118cdd2eebcf2894ec8dde229837,0x25cada56d2c5d4fe9d42f9f209dbdb9c0e3b8b789b360472ab56ef2ad6c1bfc3f289b8dcc97b3917c76fb557076d5a5e,0x7818108fd9ef82d8f2879151751724eaffc278f71203324f17424042b12de065379ebe5da2f3cb016f627b464fa7830f,0x0cc142dd8533c4b52effcee6e34461ebdad07c9c8dd748838b7e5ef279d877331be4feb1f9578fe2f1958e09a962f50d,0x17749e505aab67e10318cef9dcc4ab824c866ce2f4b1d715509ac405e637a776a67146e2dd46f14c403cc9d43f39664c,0x11f1741ac8c651eee93e5cec955e30eb350281badf33e81b1574b2aef50b1,0x96212a9e69bbe5e4be5a6d708a7b15f1cee9
0x9e58efa5f6d0a5f569f516d65ef3b605581b4a87072455d61357735e5c92a7e06312a0c5cd32633f6493490d669e95d1,0x9e58efa5f6d0a5f569f516d65ef3b605581b4a87072455d61357735e5c92a7e06312a0c5cd32633f6493490c9c7e95d1,0x9e58efa5f6d0a5f569f516d65ef3b605581b4a87072455d61357735e5c92a7e06312a0c5cd32633f6493021fd69e95d1,0x59d939ab73e638ca9c787fabc969c899c5f4656e27dc859a9376b20b18949da0e5def8a22c03742bc7e1f64d837e8fe1,0x5b10f7f1a18ce0b9c0af65dbd0b9076167eee27458ff45fec734211967312fe4536c7a80ede2d1622372da4de44dfe7d,0x27659b6f733faa556c779b2c64e4d6e32fa355ce3d7e29486d787acf8bd217,0x404efe77284fedc8c43dd3f670aed0e123b
0x8eb8afd9d63484b88292f70ebcac534228fa16b7b9d8b4f7784afb08bc7607647b3022ac32bf1096c6ecf0fa3b9249fb,0x1cdb1173fbb44130e2da461f9b015014a830e3f5fab0b2b5e62516ad91dce9db68af7b9f615ac43d8df4845dd0447073,0x8b890eec272fc8147efdcd8ac564a019252b723c167a6ef305b62ca3536fe36dba172d2d548f797a65c2bd97928d7e26,0x24a348837237b8abd91fbb19de3439c2f52ad80450b776896f42f8e2904555476130dc4cbd2574c7a2769379a2cf70dc,0x0ffb9570396669af88102f0d8da01d6c44fe65dbf4e3f7eca7fd96822baa0ca83d5c90c4e9624ae23decb5f466ebd32b,0xe44cf288c89c398969dc99cfaae979373a72ace52524a62427d282d9f358c6c1c2ecb20997,0xa009a338fe44c5f455b013
0xa9fcc04d0888f11f10af7819876fd39298bcf3b70f30ee4a96991b86f921a7de8bd368aea03cbf1dacd42cc85415248f,0x1ef3160aa6eb9152e3489f1e63114dcf7db3fcc02729646b1850439757789dd92edcdd7d591b8ef70b89c07fcaceb08a,0x7f1bf3c2646da87654f4afbf3efc7eb67aed49c95e8226f6ea48e67536d3c3a0503a619ba4da194351be33d6fd1af925,0x730c091422ee98d5fdcaf22496c826411e35cd8c07e416a4d6f795802836b98b198b448bded438bfac0b5038dac09d6d,0x2f63a333d132b8f2c55876920bab94a5ee9eb9d85fff649c7930566d6889f565e4fd579f297eb239dcad4fd57d0d06ab,0x25db06f11bf7a911b07b7596e60478ff730b3ae4ec67052002047794fb,0x47d8bf4eef935574d4bf0ce61edf3abd488847d
0x8364f742f7f1504f75c45a435caac399792413cf6f64b33698f5264f87289cd0fcfedc73399f8ee97cd88d793f6d85e7,0x63637e93442a41102a5ce04fcf76af8e405b5c370fd2768e81a548b4bdb8d76bcf10fb58ab0888d80afadb74d6f9bdf8,0x3715fffc5ee4af658f73f37ac361730eaa8419bd7f99d929c2fda77f37e3a6e740c4ccf17e5760a2b7a6234a049feb27,0x70089163f27908f6fc2b0f6c974fcbcaab631d5a02da487f0c8f8d79944c6892da677f74944c02bcad004f9b8ed1bca8,0x6828a70f92f9bb8f8ff5c2f3295813f84b094b5ba0d0afb6b842ae81cb0f6e63a5c9099fff76d0db47577d671e95d0ab,0x9e246f1c5963d3f4aceca474451fcbb15dd1e9ebaa3dec68ef89feaab3ab,0xd4b35a48d5552a26c1638939fb193e638751
0xb56137be1ab7247f82adaf1ac9daa69b1123ea503212590488fd6a0e0b1618a0005f8d9a2fedf09a3943ce074098e54b,0x19fce0820bcc85f4e6cee7fa53a354685e00ec813256e6906bc9122baa315cc75ee78b83fb5f8031ce3ce8ec71fcbe7f,0x35c906d7af997ab7908ad47c69f5a7c0148f638cd119a3e0939eaaff7dc07bcb327e88e36a22144d5e33990b4f87767a,0x19ea71ac633bebf7b71f260bfbb560a861b4eb9eda3316c53cf61f48ef4a70508b7bbdd92ff0780b20573a568beb38ce,0x9c4467f29a16a17d9b288e5eb2d949e308257fd2e729be88c4994967e42d2cd8715be0759400138e0de2ff7c77eeb37c,0x7c74b1c91a4427f8f8553429f0143c0c23891fcf72b6800d96c103761a69bb1ac54bd50dc4fdc8382585,0x1751704909821
0xe6dbdbbe643643b7c2b636819436054467e084d79f2ed72a86a80da1a0983f5baf9b0b8e1d7a26b2f9ebcd3f797518d5,0x50c5dde578f09261352d936db744e3b621a2354c490d69ca4180b02d679b81daf071313858ea5d693663cb0d09a662c2,0xce0f6bb924e3115a4ee7263e4563662ea2cce4f70f3c40d1b218e1bb22a42f62e9692be73cef5d96da681fc87684030b,0x3645b5712e04d2b4af6d9f3eefa9bddf13c72461be4df4a8f9ec627f37cc578c94354f5613893b8e4888a99374f73d31,0xac8e171a4d321d8999169126e94c60969b677ca523d566dcb3dbd4a1379fb8f8f2d4e9eb8742cc82eec06765e556c348,0x9c3dd93fb18fd84c3c3644ccc563819b55d614648b15189ba5a40fc5dd23,0x17a426a878b56231402481cf98c20b3ba7acd
0x89fb48d257904b83c051fb88b6c324bd5dcd98763428baa83ef321453e036d654e6f03a756c691ef53b37b3ca272d073,0x5d0f7f6b729e55eba19a7761d8992dce89394efae924eb10bbdcb294888864b8a0fe9ce8056a68de3f6d781eb0f103d8,0x7380d64e200b055fb9a3980d48181b288def0a592a9cf4d02e57c08d3eff86b107d51a038dbc8afd30f83cb8ab2c47e6,0x39ce1337a8b304f9a15c626e221e0fee7d25582a6ed27e49c8680bb5c92e4fef338d31ba3f31cfd14e564213359258d5,0x3cfeed053c7152db730ec3c2bc4e5a47edd0ee6396a6b4c2dd0edccaafd9cc31041d088b260692093ed2641d667a5d6e,0x3afadabf249a25d237b9695ff58242c1431a7b618ba870d1781df8c20f61c1,0x256e75d42887e4053616755af099634cfd7
0xd9aca683238158cf0888387184be9317100b7db79f89346e5a5741b43e9d2c64722deab981e4d9351cb63fc1f9a184f5,0xd9aca683238158cf0888387184be9317100b7db79f89346e5a5741b43e9d2c64722deab981e4d9351cb63fc12f8184f5,0xd9aca683238158cf0888387184be9317100b7db79f89346e5a5741b43e9d2c64722deab981e4d9351cb5f8d469a184f5,0x2added265419e21d5c5ffcb60f769d0375d962d29fd42fa9ca51e7ca076cc8661af6f5883ddf470ee691d84a2baf1751,0x73fc91862e0a022c15c0775dfa2a86f735617fbb44e6d222fa7918928e9733002c94b78ebab19f45df0e5b00304694c0,0xf065e60ab478b5f50b8941fc1d8f802e10a44b674de3d321b03df486ab,0xe7cd359a97633ff53fc627825d484ff305679f
0xd4e8a23742370546484f6d4a9903f5dfcec00eeee3f1e485cf9523a8d077fa8fe6523ef0e8a275721d4ecb6c44f77199,0xd4e8a23742370546484f6d4a9903f5dfcec00eeee3f1e485cf9523a8d077fa8fe6523ef0e8a275721d4ecb6b7ad77199,0xd4e8a23742370546484f6d4a9903f5dfcec00eeee3f1e485cf9523a8d077fa8fe6523ef0e8a275721d4e847eb4f77199,0x2c55ce01afb115439811096f5becbdf7d91bf860057ddcd6751cfb4b68e06bfba21b79baef1980b179ddddb58b0cf43e,0x35a149ab58e1c320ca4731b8f4094d4d175cb558a819e5921f96edd916c0f55529437e30cf00adab8a57e4c5a3387e5c,0x1104a853e954ddf65cff7ce07710be01bab61096a993056bce73efeca9b00808a45,0xc82ba33708a892bf79b110e8ef46f1
0x96e198a0debf7dadd5a7fbfd30a3bfab0c7ee64b9994d5843d68909093c5f366370590b7e01b2af9db5fda59bd9ef2c9,0x96e198a0debf7dadd5a7fbfd30a3bfab0c7ee64b9994d5843d68909093c5f366370590b7e01b2af9db5fda58f37ef2c9,0x96e198a0debf7dadd5a7fbfd30a3bfab0c7ee64b9994d5843d68909093c5f366370590b7e01b2af9db5f936c2d9ef2c9,0x6f9847fe41ecdf7e79823ceac5b75fa454b53e3b0c36533c55f95a45d1b6ca2d37900de4b301d36a9bbb2f69b4301bc1,0x4073ee41a0f66493c44c56c618841e1f32ab6ca3e0c2d1e9de7a8fd7e69d4b9fc452f9e7d288689b963b7830a4c0255e,0xa6e9e23ec1acd75f08831f366178cc426083eb3158b57420be3090931cad1b7,0xe769241dfe8030983c46cfb1ad433e32b
0xb4fca782e13b15e032527737c63d560041be86699c7a95a6837927030c2aa19cc6b3e4c4091729c27b276506c1fb533b,0x06da25c7c27e240320fcd8e11ea74272f2550b17d5eee72d2d2a87de4a3542989121da3c80b027cc810cb617101caa9b,0x70e2ee0db83e0e65be3ca7f2047505e2cf9fffbf70ba2b8d4412d9cc3ad7219e9be7f5b2055fee12bf0377764726e643,0x0a14c1742cd6d9d7f22c543f970524084006470eae3c87a64dab281aa1c708605d7d86ee1555fb40ba780757826e83ab,0xb04b4845e8abd5a87a81ca4b5b08f9b3441072591904e2919690ce9d6589e5e7680509413277d55c8653200245c2bf9a,0x3c1651d1ff3a5925cfe335b326ab6f134980625bb39835fbeb279f7c2ffe9f1074087,0x3031726b631beed79e6831baa1dd
0xb918e8265ea07e0561d022106ba747171817b40b9913259b315453422fe878f4ecc9884542a45a21a50f9178c886d36b,0x8a7ba969580d2074b18fc5c9d503886a38bee2dd14670d2aeb443d38862015dc291e65772b0c1ef4ba394ad7c073db22,0x9a39ccbedb9674947e42f3fdb77b988910eb741f21de7ed32bfa77f20aceb90cb90375da3f4647f31f4945745d238140,0x4f47f02f51adfc81d87b75774785ca8381a974ea63fe980328b3d9f3d44ce55b565af0e4f1792db15c8c84fb3e790f4f,0x4fc569421c155aa1ee350ff88a15401fa4e83654f085d55a1d20736d008d56eb2fd696309f0f0ab02891d06b067577bf,0xe6067311f662a8a9b5b54c4c07741101fcd43cf9b1ce6f244525cf83ee1,0xcdffaf5fa9960d2fd92e0508f28698da4f59b
0xea9cd924eb13b40fa987582bdb0d23a184a1a4c1cad7cb75300a499bd68c70cd94db2c03b5011cd6ddc10c0a5a0b3ccf,0xb6831a9165af35910a17acb094cc2f8f3e02723acee3967b90b4dda7b9122059aeab5a8a26767c45bb1e443a1f715935,0x86d7726b2520ed62ab028c8f28d0132db599929b05253ca457770b50eba17723fd01a22a861ae8a5f334ac808dfe058c,0x9035968df568368196da532bc882100ebfcb5cb5d033ae537873e4f263dc71d556a0bba1c4f5455abd9f06d7299b351b,0xb9f517d1dccbe1d51ab178543827c60fcae7ae688ffab50f3f1b14e31d324bbec7db3a4fddb8e1a9e128156894547d69,0x4751d4a0cbf3b0fcf1ff6eec9963c01b6b02d1c04082157c62b2e5edeaaef,0x34a22d3861c16afefc0afbf520cc07e9071d
0x831af49f70a529e9e612122508415bd9a1a2e6aff9880950549a9f7481d90dabdcf02d206515f70bb71f50071f341ba5,0x831af49f70a529e9e612122508415bd9a1a2e6aff9880950549a9f7481d90dabdcf02d206515f70bb71f4de34dd41ba5,0x831af49f70a529e9e612122508415bd9a1a2e6aff9880950549a9f7481d90dabdcf02d206515f70ba3d35278ef341ba5,0x47e2d15ee8fa1dff83c6439fc6bf812a695666c2f20f2c3cfa5c24763ca0599bcbb1bcf6e53433f03897f2f46cd0356d,0x3d96d5208ded4cb5d21bd49a486b24e0aa9a442afae931d28d430f80fded3c97d1156294e60c7866ac228eb4cc173f1a,0x35b44bce77ae560edef2fc5c564d8dec23b7609f5e1cde1c4234884b4d94422e62ed694cef19fd97,0x270f56a475f06009b
0x8cd5a7af4145e2299dfc76bc3cb6eb2ff9d58ebc8730d1e240bd25e14298f731d09eb370b8dd1cf6d229d87e498b25db,0x0908d90f6d44d0e3a6a92416ff1499156f207f7f0d559fa2ed533c093388ff5995f9bbb8c20da5681a08e9b13341974b,0x72113e47e2b2ad8012c5b790de55ed5f2e8fbf62aa0cb689911e48046dfc60693b555c971fc5f48f2dd9bcf593985749,0x7f75e6439073273c37b2b38b24a4845e389d453e7877e8fa31b9e17239ba3ac7e37f3502fe06e5ac57e7c699249e05e3,0x78c3e2139edbf4db3e6c1b3c82f06db5b8a45f5b01f5ed48738fd8fcda30dd76c47d36f774561910934aab7e8f360ad8,0x13a59fdd62803fac85eb0ffb1c0a4abefb8b8c8869a942b8942aa9c925e3,0x72b13135e0e769671ac6dfdf224c99c272661
0xcdb5eef9acae12cfe38e60340a06c5ded02c22abbf23d1f0354cf438c4e289b431a0c73fd873033660df43f5578fe31f,0x2b85b07cb74e4be6da508746cb2da154fb9f2a1899ff587652c6496d848fb1b85199c2fda215b9656d726df416bdf32c,0x64583234113ebdfc6b56b8d0fe465c758843472dab573feb72b22c5e2bbd0f48010d2e5eed850b4915fdd049a0e5c5c9,0x10a768819c83d0e7bb34a93702294f7045cce1c42e5e2257eb4b9ea7017817a979a245349d3a256b6bb94e2f215c6275,0x7ceed269110c0d0f749f0541f92576f03d4d8fc5823e1481664cead4812af56d802f46d3fd655511e722dd1e8236ca8f,0x223aa71f311756693cf20a9edb54bc37090f9b46ef18b39e19571af2851e15e740915d06833dc8b94701,0x6028351b5034b
0x9c64e9203b9f140a47b45af4ed6e9d42ba0e730b8e57a988c6e4e4d3070d6427b6fe0e223d7f3e1db49eb5dec4ac0d17,0x81ba4aff11a464bb0d9eb5868e62e9614b6e737d0e4e90bea66d40a38c0f5109a2e7f9746709f823e4b0d31a88da71bf,0x081378e1e7ccff7d99ab35f7b074ed2a6d695932c8880eb70fcbbc6a0e6337cbffa49221c146f136ab3dcfe994e93f52,0x5138781e37c12598fbffe933e37f2712ca0c87e08c84ec9952b5ee5ff9b65e21da850bebdbc654f8c748a99634d61dd8,0x1bb97a8125155b17d6077949a0375e70c575df881cfef727a44c2b81c0dfbe2291764fcbfa50ffb1f558403f71dd1948,0x4a3efa4874bc5e2ee066cb1659b3feeb9b7a35ed6c47dfddd43dfcd87ecb,0x21b3f24c553f33826c3c3c8a40fdb0fc920ef
0x9f9f54a549ad90d55dab55f61ecc1df92c077d7f24ebb95a3b318d326b78bf3117501845a75f41165c07a9b590a2920d,0x4e70c82f42ceec6227695b9725b0c665a1f7f2640556f197dabdd39b5bbdf8d5ea74896bbc7c9363ac8872ba39814420,0x686eccf2c87ba56f6bb7b15f47be46fba831ecb852ffe1bb68b679974adfeca68ce77c07dab5b9e316a8958a7b0d6237,0x257bb65676c93339724d8d9d32fa350284a8c48583360906ab2ac1016504c3d012864cd6dbc107a0970db38321b8d0bd,0x9552ebeeadb93661831d6f9bf3b1b8368a9e3ccf4f1a592308b1fd88afaa60cfb5cecfd4b54c24a1a237462f1573370a,0x3731469e702a95024954cd689b79e287ba13f1d0e74dfcdef9922719f8a8e1a9551e2d,0x2e460e8135099f228306b872385
0xa1f1902877337a81dff5d482cef8ece9aea9c71b34113f869d876932fd85e708a1934a67e18638d70bd44684a0a52969,0xa1f1902877337a81dff5d482cef8ece9aea9c71b34113f869d876932fd85e708a1934a67e18638d70bd44460cf452969,0xa1f1902877337a81dff5d482cef8ece9aea9c71b34113f869d876932fd85e708a1934a67e18638d6f88848f670a52969,0x4e1402ef67d2248e578c447da3d2f947b3ebdfd73d4e2c8a89c31907a9c50dc5026e3838b00d31a1d8c3847c4bebf4be,0x45ed3d098a50aa1aae23728e2bdb0d6278dc754f6c0bf035686f7e8cecfd493b595aa764e8c004241abc522292f6f718,0x20337c70459b0ef893ca015429b53ec0a5a9d5acc7e951704452a66b355a9cea0f9565ba62809e4968d,0x507751027522d1
0xfde2fc1d0dabcd6a7467473084c43129d44600946c0ff8a32806824d5c743f982b452537cb617b4d3529ae233af28c27,0xfde2fc1d0dabcd6a7467473084c43129d44600946c0ff8a32806824d5c743f982b452537cb617b4d3529abff69928c27,0xfde2fc1d0dabcd6a7467473084c43129d44600946c0ff8a32806824d5c743f982b452537cb617b4d21ddb0950af28c27,0x8dc0f9eb5a4194e4003773cf82cb27d9f0fa08ce6758a92e3d6ca10238d838a33fe764c2cfaff6a6c72aa286c3fb6af4,0x0d7ccd42417acd428cea877e3c8dc1a640e35992ef977ba4ef8d6c886e6e821da354a2168e408c9a77b3d456df00df1e,0x1039f49c19b076893b0665026b9e9c91076ab4450aada6de70b219d35b2df7dd5d5bf60e44205,0xfa582eab94f6a487a071
0xaf935ad2a51fdfbf039de2d8652fd060db5803954f307b09a70ead91a93556914af2a1ea763e1d140c080461cd003a13,0x47e3f2b312ebbd81ec1a73fbdccdde7c1b2df92e745cb3eeda4bb5abbf940c7225980ca7bbed85f91abaf55beaebf201,0x46cf14f92e8423d231c9e4e11360c6858d13c1577336d32a3eb40350ec7dcd58a25bb2cfc645d004bf9728ecdfddc8db,0x9dc3c5bde82eb4a8681f24b17a241c19775f6347e3602ce2233a354539111e444da7309a6d466090b3282d2c94cd0bee,0x06cc73269ba3743917f4274bdf3a25862e98b58b1cef896d68be45bab1d5aa2c8a92e1748b6fffe33b0f1f1d3f1e09e2,0x77106f3fce19a3aed4586ab8ab1b26a04bccf04e20c4671c4ddd74fd08a260ad8f657a1b31573d,0x1798155611c94a02f15
0xb21751bec255bf35fc9b315ca588c23c159e925d31a7ca90f45accbd172cc12cfedde98bdaea301f63c00c52220a7849,0xb21751bec255bf35fc9b315ca588c23c159e925d31a7ca90f45accbd172cc12cfedde98bdaea301f63c00a2e50aa7849,0xb21751bec255bf35fc9b315ca588c23c159e925d31a7ca90f45accbd172cc12cfedde98bdaea301f50740ec3f20a7849,0xa7d5040181200f46e508decf0d99c85bd5fe409af3314115e0f8fc1ef3064ac8702fb91ded5a5e9222f4b1c7cf729dca,0xa382e82a5b10dae96d9846e1aa372a09144dd26ed468a63fccc216abd6173d7a50d87aba10c65cb7013b95d2bb8471c3,0x10cc97257269a8069b7a3077f7a24e97bed7d60dbb7afa3b13909289bd7e4dc0e5ba56c25e8d7,0xa99e6b8f4ce7460c1179
0xc3e9f46bfc1ea100ae434cc40df41dea3a317f0ebefb82b54768ec5b5e233d253a62e4f132d524ff944f2eb4972bef27,0x5d450472fa08a39743548c57e0b70d76cef47177cabc47e01bcefa0f0171c4b009adea4b186ebbb243ac56ec39704fa5,0x994041bce35c10ba8b92ebbadc13fb0e6dec67d614516185ac1556af9b096a19df08a9a2f673835fcb0018572b490a16,0x925a86ed969790c8dfd80ac43ff2ecaee99fbc9fdf0a902191c86e1d6804b0a8df7fb1f272e38068bbfd7b81c4513fd7,0x8dce05e87b19206d9f286e66e2a84a39a842aa71779a209c6922eec2cd8918fff7615274357d251a310d7aabe06c1a25,0xfddc29183b6c9dd48ab6b499f14d8666e5d4e22ffd390440a3c6850f5401507129d2e1e90c37fdf64baed585,0xc590be8d
0xc1269a88f741e39b82b9ecc65663079b8650d8b57eeb6b5f6ac5f8b826a3972f75da9e5e2270d08da09b97f623bf6a45,0x76ba62ab2d3af286ba012369915c6587b0bd68b021fa9d0401042d8b221e2d74f490f45c04a625abc243261db074441d,0x963d9a2930ceb84bc495afeda43d7d2dc55f96e9be7a5acc45ba281ce2af251a158e91000c5b5da7c0b7eb752152d2ed,0x926d675405211c55f2c7d7d961dfef2e60c605fc50b7f79de2e9165c015cb5812b795999ae434bdd8393a6697cb4d37c,0x3fb38ead9f99b0c7df3f67a7d03bc32487024033b0d762dd63f9fb86b0109d2f408de4577cd1bcbd09aa2aa0e645a68b,0xc4626fcddfc9fc933d9a79125f655bbbf5464d44e8a86f11bcfc56571a8a785a8938bf,0xfbc8dd9ec1e04d8b11ccc51d6d
0xb4a080cfcbbac40aa2b3d727296866ad793f83748ea9c2cd76703115b10b9585b1b4da8bb85a2c811d23b715d30a036b,0x119983204bb5703a84e510f661536f1b4ff4e7086c249b48ef2dbc09ea9bda0393dc784a29694b85e4a58b5aff22c3e5,0xa31929c10335f6daf6492029c1609b1aac4895b60a4c26b22e8388caade59f003ce37ff21f0c061e9ad34758d45aea8b,0x20cc4d5b21438a2ba35fcc7972757fb466c8b45bba1a4d057025487b32d5bc290ff80be88778e66c82eea81f307fb920,0x7f3ef7a045555a496f57036306b633599844708a8c921471f717bacbd7ea55816a167474f2a1294c2c9841895256368e,0x41d9a26ec7cb15234172520f1b161b8a30de9de91f91b2c1f273270b5b3,0x2be354b294f9eee5aa5e078623473709ad918d
0xf4d9ab003bbd6e9c1c1696e685ebb802bbbf94a6a112a625ab585a32d3a2b9b465a76a61d2e956b04053ad74f0942da1,0xa56aa357303d32630799bf78d60671cb6bb3de2bd3742d44ae98c0b058bbcd1241dbf44112098a8694de10636a6778dc,0xaab2b318d2a6b4add8bc9e2bcd806070bb43d538822ae1614a2cf1827047243ba27be8b7fc540230841c058769d33738,0x70f3840cc0091af0f683dfb7b3cf21de5521542f894d32c450d4f978f7f36992a0ca48e336f2190d3806e18f02fe9898,0xdd6abe159a97339eacce34e4e84c91e98af9a370db6e2fc78f405684c0af36bd5867e503fb7d90937013086b2f20fd69,0xa530be6891211172a42d5c5fc84b8ceec23d113a43389708b80f5cd4b799c3fc5dd2b0b4a3394bbce28eb74f,0x17b73761b
0xf8c99c68c3971a4fafd8e3928f88c5c761e1946df2a417a24da1be33a96b9589311f5103c79b4a3c36217b75031736cf,0xe8d1ce7823882f839e7b62e6a62a478747b5e7f6a92f06ed0864db689cc0066b7ab8d2323ec443e3c5d79fe6c0dd0e49,0x6c9503d5a7ca591da5dac1d5c56a9db20744b312cb55e4d1eba18b47b3b2a83a972bf73ddf377cd6f553e9b1d168ab5c,0x1c9ab75af4f39fc96fb7462e4d6e8ad76287fbe17b9649f18c8667ef630d7eddbee5bb9ad47efb768a7083bb14e58b9c,0xf0f886cfd87ca800ba0c27b1502f796a791defa67a1204a0aa643aae784d65e9a2756fe75aad16dceed4ed4d037eb144,0xa001f9f2e069057d0e72f352a626e9d1f640d88781e943a175cfc70c09f,0x18e0a75fa6346b9285213116dc806fbd245cb5
0x9c6c01c9a1131676f9e9c0ca18fc0d6d903723c62f471e7c712ae2aaff9feb5ce42bfd75abe30ee59fb7ea059e61fe41,0x9c6c01c9a1131676f9e9c0ca18fc0d6d903723c62f471e7c712ae2aaff9feb5ce42bfd75abe30ee59fb7e7e1cd01fe41,0x9c6c01c9a1131676f9e9c0ca18fc0d6d903723c62f471e7c712ae2aaff9feb5ce42bfd75abe30ee58c6bec776e61fe41,0x5d45ebcda10dcd4bec331b1bff7a9ee235108d218ca27028da3713770651a2c27e0079208a69c70f997ff061d88a78d9,0x4399196bd5577a21719a996f9c97bf83d834ba07ffa1e1dad0bdfdbf45f5c2e21d47a9fdaf1f98cf8f57160430e6ed96,0x1fe7cdcfb2a0dedca61a17cc490d1359c11cb79822c7d46e2f43f18c9ae9e981b56cfe1ee30593bf,0x4e7150e8f550c0de9
0xff77971cd2762a777454cc18ff96d7275788308ec06dd22ceb2a389356c932405759a20ed83ea8c93c5f2fc2b2050587,0xff77971cd2762a777454cc18ff96d7275788308ec06dd22ceb2a389356c932405759a20ed83ea8c93c5f2fc1e7e50587,0xff77971cd2762a777454cc18ff96d7275788308ec06dd22ceb2a389356c932405759a20ed83ea8c93c5ee8d522050587,0xf42698bf90bba356850b9f9ed5a5a031a7902b3afc718076114a82256f46ef215deeb7d42e175591e993f053c6370161,0x92f54108c13976a052300c46841f64104deef10a4c1cc10ca8f1bc1bc40ea3870e93d6426a2f8bf57c704d97c95101cc,0x3401005fea0c5bb87074eb8c852e1169535cb8f1845eda555d4d1cfd7b1f8f,0x4e996fe6f861b0d8efd9ca2d3463e2da481
0xde9552ff5c533e5ddfca10daced3a4ce0aef73a2d4169b6e581c29bc7c401adb8ae009821e3f63606d7add4434213e2b,0xde9552ff5c533e5ddfca10daced3a4ce0aef73a2d4169b6e581c29bc7c401adb8ae009821e3f63606d7add436a013e2b,0xde9552ff5c533e5ddfca10daced3a4ce0aef73a2d4169b6e581c29bc7c401adb8ae009821e3f63606d7a9656a4213e2b,0x08b3663a77f16dae5f0f2ce1ccd6b4fef21686637e5f043d126cf6f8cb63c6e5db976570a8c02fa828bbfd2e6c5f6df4,0x037963917b59d4bd4e3e0fb76dc01dc95b90b49a1e362d5f9ba5357e0f4ad4a89062d8be37d5753d79a896ae6925bd31,0x1dcfe4c81cc710b9f1d50b050b35b617ac04d6b259479e941b46c4e6d354a6f15,0x7775991249b90c059a83566cca5a72b7
0xc2ada0818658ffdf43e8687acb20894063077a58f5804d71c96c438a327e7d1b8a3a6de62cc6ac18c4eb4bb11b70ea09,0xc2ada0818658ffdf43e8687acb20894063077a58f5804d71c96c438a327e7d1b8a3a6de62cc6ac18c4eb4bb05150ea09,0xc2ada0818658ffdf43e8687acb20894063077a58f5804d71c96c438a327e7d1b8a3a6de62cc6ac18c4eb04c38b70ea09,0x2738605e2423b9b01dec2f98c84323f7ec9a0ce56d371e2d2c802fdcd3dd2e46a0870314e5ee916d69c3c8ee1db1c41e,0xad5b210771fe59784c6a5738940b4d9687a06aa4c2d7a56e484b34001e20d726a47b36198e258395bbd611a3f1f28b0d,0x1773c8fd9301780f8be3f4a2a0080386beb61a2a0b49bc3b7a92c8677,0x84d1097a1975b23e0504bbc194cdbb2a000a26e3
0xc319cc3ca675d456f4af30b1991c96cc9c9a6afdb4eadb8c73655dbd0d47460a8825141d60bee95e52f587b5bc94202f,0x248004f50aa11007bbf7bf5273a00397331de56b0d1fea9c37b0a2bbb217689f298ae7249e692a9fcd7614849c6bf44e,0x158452b337414b3d3dd7011537fb34349b726017d29594a3e031606c709cf83853e04a542001fff3ba89d05585736446,0x88b0c1566f8b1719ea4556719f2761b38cc6807af19bd2142adf2cff811c357bdb3967752f3f95f616e1a8ee7deedb3c,0x46da2c3ea033bf62d1894aec28bdacda66ec40777356eac102b96ca46699ce3a71f2b7260465cccb61bb63c03886e106,0x14e4d3a5670a9e29c71a3709e7027c28eb11f212d6db4a9b63e483ff1,0x9567438ca392f839121ab777061f9b87a27bc97b
0x92ea4d1f62b7ead67cf172f748aaf052901e52bc1bfbfc99dcc07325b7a5f7f0bb6f3f5fb9f48a7e3871515ccbd83825,0x92ea4d1f62b7ead67cf172f748aaf052901e52bc1bfbfc99dcc07325b7a5f7f0bb6f3f5fb9f48a7e3871515c01b83825,0x92ea4d1f62b7ead67cf172f748aaf052901e52bc1bfbfc99dcc07325b7a5f7f0bb6f3f5fb9f48a7e38710a6f3bd83825,0x494c8368fa33ad818b969166114764a1b3ed7f78d82331bb66707b16ea83f3c737aaec3c70ad0ff990c9e7eca6fcaabd,0x7f409ca32f28a13ad238a7506adeab97eb776ad1c75f724f06373ef330a67375c548561c95e78533f232bd483f27bdcf,0xae0ed2357803d3141950dd8b9dd53afc035c5f8e21d8c66100b14107,0xd8144a6c32646d58e32cfca5cb8039cca0f2807d
0x963a7831a3dde9eabb0262d326becd072f9436c60d61c547e63ba6b7209aa208087d8bb0709516b67dd12da8118317eb,0x7fbec9172ac9205f2c129688f9bca492caa0bfe80c23c3bbfa9e58d3a0953e1dd1945e69878f81e3e6214bcb423c87a0,0x02d66d25467f41d5e012b3094b22abc95d6982bcc8b8345ae0bd56864cc87ba03ffa5de1a2439f8b392ea107cca34853,0x17280d42d920c23f7b473eabcdf89f1cdc3b56610a874e766f5d4c82999f0455f20854bba9ed25773704c6702cfca0a3,0x9002347b35771a5caad18f22d7af2e45c0494e32dc61cb196f825409140adfd90e12650daf9eafcf68fe95f0924dc611,0x45128edaac23274ff35d55e01e9b2f9b9caa00d3fac5eb49c9e72dc2523b25,0x22cc8bea099f9d7c27b2a25a2260d0565d9
0xaa59b1dd7da13dc1a09a67162bc724d4c7f7471fdcd3faf3f0ac47cb03a44b04e8814e3d7b4f420dae8d3021d0079f23,0x92caa33445e0f449d770cec0ba936e4df111ed5632d07eda8eb9799aa378dd4873ead1e8f21d75b3f00100d4350f34d8,0x0a95c92adea1ee66e2eb73dc2e7f7fb773294433c8686ee64bf13ab09fe326a05b1098d697a458d369d3d037c1890ea8,0x3dc40992dc3faef61dade45e8f57cea955672a691385e6e3f33cc2c883213f332f00f81a5729ab3e6b29f2ea95ca8f7b,0x64500e998894fe7c6c57874ff697ce353f053bb731bd746dc31d9cf0ab567451cbab25e573dd86db5f892e5e1eb55fa8,0x1bd720eb575f658f68d758b4258004c9a32496e516213f7685f057b506b1aefc5d9699fd,0x61e6bb3fe8ce89ce4e562706d
0xb0fd42d24e01fc577c572ae29d073063be8a8ed64bc0f7b38404316c3898be22c4aeda45fa6f572bd14c9972fd9dab17,0x863bb8de6c3b4766decf738bb3f07bf96eb8f8aea82f05c5b5b9df722a037db5b53f264a23426c0639554e7faf619a75,0xac179b6c460c9f95a30d93e0a452e455c3858e1b32975747a3b6997eb9406990f9392209ce23baf885e596714dd15e51,0x01909e3a091139a6c3c743bc9b4d7f1255d7e68a5f1b5bb47c86d12d19e970e3b86035bc86bcf8ef4bcd81bcb5db113a,0x73a78418dcc48d952b1ca29237bf2b18c9aa937bd9da6bf305a755b7a2c5650df3665d04d5b1d6e8794940839687ca6c,0x15a2a47c4ce36e30967a77c8e6f9466b7583d3f4e82e5cd75590d6db231e1fb9,0x82e39eea288daf0eac5e8cc8ee717580d
0xb7f3c090f4b83d3c0b4617f7e822450a0fff4eef358cfae3f578e151041fdafdaaa022f543fdba4b60b80bc38770e9ef,0x988e1b699651fb749269ccfc8defb4385486f273b120f02cce6c3419d4987e655444682d6828b7681ed45894f8231408,0x456037837e909cf4e9d2ef7ef3c89c1bc6dc99629f5ccc1600af0609c73333eacd9f7fcbb257d21cc9860e3258919bf3,0x079d105c5139ff94dded3dc1bd1cd33d691fab210045b5e75d0843d5d1c9b98080d97a62bf52a21cd7936d5a2a7a0fca,0xb0ac773bc43ce0ac9d9cd0c9b3665f43a513d548e95e2db50eb95d14f3cf6685f1d6d8929c1e9f62cf411006d2893680,0x669d8a2cf82cdbbfaad9097205fe72af15edbe765016704fd3369dc489d73c5f,0x1caea4441bfdf73d0b6bf9cb38acb4947
0xdb7f4e00ed140a23cdc8adfcd4f853cf0b461eac6bc7db81ecc16170c70ad01b8d72dd8c080c0c877072eeb3bd1eea11,0x3e67a6c00dbb91a8b103457f89cd0e0a1c2ccc179c01caad05fc55dd80822f83fd393562239c931a26783871b0aa53cd,0x31dafd5dd9eab1009134677894d905942d38917a78c9cc6bb2d2b9056e15b3e0589fc3b77b0a32aa09e27ade584399e5,0x0b783f1dfc396fc83ab42f2a56e2530671aadb8fa3cfca26d08fe60cde1143afae18c56f62a3d9148bbea304acda42ff,0x547aa58a158e7caa3509e8966df096cc6f05ad6980cf34c36c6dc4de42d5ed0b601282796b11793a454a1b56631d2876,0x83880ad3f16f80863bbab24131a2926702f1be39fa49ddde8dcad6ae5215c1df6d,0x1ab354f5dc9e3901e742126d1f5917d
0xce928b1a0087b4cf758dda3f47d338a4eca55b3e69d410e3ded7c25c3f62c47592e3798979e57310be3bb024a73ea9db,0xce928b1a0087b4cf758dda3f47d338a4eca55b3e69d410e3ded7c25c3f62c47592e3798979e57310be3bb023dd1ea9db,0xce928b1a0087b4cf758dda3f47d338a4eca55b3e69d410e3ded7c25c3f62c47592e3798979e57310be3b6937173ea9db,0x5497fa5fa047632ebfdedda6ed2fdc9602727354d9fc558d9eb82b950652fbc1bc695ccdb7e8fc2935f6cff9b9993f77,0xbb7978eac013115c5723f89256d9d9c508569c1a5d5f37eac5cea17d29d9d272007972163774c667a20063c9b2a924d3,0xd629c0654c5811e1d12c12b195b1e8c3672dd5ec9264a7f43a19b5101,0xf6ed2f4c5ba5f715400cb0c8e30fb031834fd0d
0xed0e9bec852a1f6e592069fc94166efe53db16e32cb9204107929f3d7624bc501d7d9988316e640575e1d9abeee3c6a9,0xed0e9bec852a1f6e592069fc94166efe53db16e32cb9204107929f3d7624bc501d7d9988316e640575e1d9ab24c3c6a9,0xed0e9bec852a1f6e592069fc94166efe53db16e32cb9204107929f3d7624bc501d7d9988316e640575e192be5ee3c6a9,0x69700f18efa72f7602ae8657e734c2b41e26dc825aa1c999968b4ebd8ad1050f387a63b2bdf743ac046aca4cb24c2bcf,0x6302f191cfca726eeb8608347fa9b475f528650bfbaaba63912d3af2cdaa6720c73529c24242b20796b10bc72236f558,0xda5e8f27d333306092783d1f5ee200a23cae8344e34fa22d90e11e5,0x115e876caf0446db9657c5ce2bb63efc7b9aad47df
0xa09f224fd7674d9f1ddeece60d05859fad3cc46f9e38d03f73a89a0bc2d007abff4e3e34f94b54479f36219db7143803,0x26895c46cfeef64235191be6e384d19a1aaa7f8d3f9ec4751475036d55474809b612f9c1796d2cebb7bc7a31991ce33c,0x70d68bde16a55ed1beb7c295aba7f35cc4d01935e7a11be5ead8e7fb8d22b791246e67ab7b98be4085bc19006c0f10c3,0x4a9f85bcbed7ad7058c8efe28b83a94096c457cf13772a3c572f90984cd9c0c95f47a4ac8c055815bf69721bac462690,0x3c47cc80e76b61ce1636c68d0f2651228d4592850222e14a476708ff89acc859b78ea95d26bedf57c3fd24e0a6e7f192,0x96da600c873875bcc1856b861cb435dc5cf30c48bf2757ce50ccb42a520423c6de95e18493bd9c8226f,0x11093d3e5c1825
0xdb197c45a56a258e2fdf42760456e8f236f4deb4a52f3fde6ee9b4e34260eea869ac3c13af212845791f11c8a3630a57,0x5730c1c088a5f4424af801f1f3b1677e70602b29e38045006246a9a08ae3cf234648ba072078ccf9d335d916b4330da1,0xa7748be0b4fca09c2f0f8126c8610322837692dab36e9abe7c5d55f4d85906da7670b1668198fd1757ec9e8587befa0c,0x5ade9c0f7f24d7a9a0d22e99aa06235ba8918ddb38a3a361f3b73eee48af2abfe83c55211b48d8271940dfb9fca68a2c,0xa87ff50a19d612f9d35e68e4cf638b9e494f280938b55fbc83583139248df980e336cc086e7451822bc2eab38afaa7af,0x13b9f957d8561697b2dc4f3df8ec30a2f7a0b4f682ea9aae1d70cb9624b7,0xb1b5ce15b27deeac57a05f9b08c5178d42fb9
0x8d611c5416cb6af36a1fc1a705f5c2a35f98483c5206ee50b5c75a6523ca910ef65d8054a2fef353e5860b11bced9dc3,0x41a44aff70af7b47d25cbae8dda7a3b579ae51a1c284609c58587e763c776276f9e789d6c034e09720e603167082cfb7,0x297efa336198474a63dbc161f2591bf62faa2ad452723eaab87e4ffd0eb5561aaf53b4fea4ee4e3a57488f4bc68c3a35,0x4d5133b627a5a070763ef07968ea13027b50f2c2cc6e591e9a784869b60522b8c7d274507010aab97698a4a365d94dcd,0x3c45d5fcc098c62a8377b68d58ac034d595e28c4c9a792d6de2330644b8f803e6ea0b6eeb991e8a3c987cedaf1214695,0x1e4b7951ca51ee42043ba37d32b713aa4163b820a2eaa96de0fbc22d22013601,0x4aab243ad4821bf7c6fd96fbe3f026805
0xb8690fe1103f60b80522a5c3ad39ea42d66235ea9f44216aacd8c1aedf55e0f0c8b2b67f5dcf4ab496c4d5b16c186f1b,0x4aeda4b521b3b2902804cfc040733f360dd1ebb65622c835ebaae2c51a90807b6053177de1c7f8383222a22775c28352,0x396443a46758c2ade6d625de076aa36d8e313fe70e593b972a4f84c96684a91a77b5e7f522b944adeab5700bf7de1020,0x30bbe045698ec8f557be79f4aceabda3bf3648cff3b638ab4e84fe5cb4377b9f7c6e862731a99417333bbfc7ff5afb81,0xa3738e926763b2bd453a9f6ca789c675cab098e1a1a46dc6dd3e71187953662f68d06aa6483858797368adda2dc10770,0x276dca39259c27e1897afdf46d69daf3b98f572a689b1e419d0d748401,0x4ad5282e56296de75f4c884248b164eae267ee7
0x91b0aaf1c7f644fa4e8f9401c83be8dae9da96947e6151f84d5fab3acd2d34abaccfb5a83a63082072965313d70559cf,0x62059a2aebda82ff18b2b2f3595eff8fe92a6a9d104189d53b2cde612a6cfbc9e99cd2781920a5e97e1d40d59933a50b,0x3f5866d62d030daea81e487445e24c504cfb27329c620b5f30a070b312f3e59d8d383d2a30fb5d0053a302bb32bdd38b,0x5ddc628463ac3325a05c7f74adcaca8d24ec617e0eafe9825629fe2acc7460c616ee68f958c50313f47d1dc9c8f31fe6,0x763df6288560b8aa7c423da8f573e9703f4b8846ea83f5e8788e04cdcd9415d67fecc3a7ab3a3a2d9aa539deffed1429,0x1edc5f337808c08afc4211a13164e6c55bb531113c81d67ddd1c152c82a9d17a29f2936bc5,0x4b88b42db0cc50d9e99db5b
0x86a0134072b465c998c87b2531f6e4ed8d9fbf24390c53b4defaa06c4689ef9a60640c669fc7cf4480d92b138a74d7f3,0x184979c5bc044864adc5256e32345ad90a056ac1da1236f8cbbe8f7ba89bec12d03f9e87b896fb587203748c7ee62339,0x391048725af580cdb5ac277afa688ffed0d2315cecf58278c6991f0ce5c8de12621d30078b62c155d39adb64b32935af,0x1c72186a1249bf8aee881c11c4986327ae2c3d0a851efaa01fb19f380e1179e899c063851dddff457170b4d630c8f857,0x1e016fd7a208eed4c4382a1037d890455d6536964b524d5ad84e9a76ad6e0be1926ce282dacc98079db310f9e7fcc33e,0x128581e097b14ba487ada5b01ad28403158cca3e58ffb0a5e6b7edc06752bc889f,0x744c258fd4fd68aed1a9c4eaf853777
0x843188be92289849ca321d42e447300322e540a6258fcf4c4a4d43da1ccf3e1ce0f62184fa67965920a39ef7b63ed463,0x5d152e523da75fa9b202343d9ff73d5f787d7944d51193d615091d9200519906962240f5fc1290218cdf7b51837661ec,0x4c124d00cbbb4644d8a5284f5915691213a73afc10a4bc51072a2e6cb350ace81dc0ebe29615b4e1a3980d0209b72070,0x814de1866217dac33a3e4807b2ad849f433a962c6da78722340f3a73f0459bc22ce1f9f61f5ed2a7f50b8ba15421b781,0x3585fbdec2eb237a3e11e73e1ba47e24c456625c23cc4938f59b4e3b5714e624da58049283c28eae4fadc618e0cac3d9,0x639ff3a7420e1ffd41cbb30ca62b73c420c35ace6b899b6e22f30ff1919d5f6398345f6f499f7f2711fb75,0x153b097ef8f
0xa038f5032258efdcae491fd6c0c38d9ad0d30195ac000a4bd04c344661a161ceb519c65fa4292368bdec6b77be5bef7d,0xa038f5032258efdcae491fd6c0c38d9ad0d30195ac000a4bd04c344661a161ceb519c65fa4292368bdec6b76f43bef7d,0xa038f5032258efdcae491fd6c0c38d9ad0d30195ac000a4bd04c344661a161ceb519c65fa4292368bdec248a2e5bef7d,0x9ae3433aec25a8d67934ab9f36b6a9466d0e1daa484641b357c8b6fd47fa6989e6ffaa4b454e5311290667ecdd348dfb,0x3f67bb03c0ec55e98eb6b40442c0a20a8724d34b0a50b275c8c6f270de51a311781104d439ea77856d3023dded89ed67,0x19ae0e00b4754597e66b9df407333c63fe011850e2039781011e9bf95eb3f9,0x63d3d5b90d6ceb8176c0ce664e411880a1d
0x9206f3814ffb3a4605bfffc073cc4877cd4153bb0b2a5b8ec4530d97da6acf2662d1ce69316be6832264caf6b9b349c9,0x5da64751b4b80ccbe4e4483f86856e1a8bca50bd366834a96e50cf867784a4ada2360d182189ab6b3f0304ed658b010d,0x077d41734b52d4d68fc9b0c468375c7f92f6f5ab913b9ddf89a914d586c3539357302d19358417e4dbdf2d512b5f01e6,0x5297341326dbb5328c39a2f02dd00cec2a45d99997b9ceedf8a14e1624ba8bd3125afbc7cbfd546d0ac750387d4dae8b,0x82ab0d60b4b2042f891440d9cb097f76ee518421da4411c9d2df310ed79770354d28f2a61b6fda6876333bbd43e47a8c,0x11beff94b92ba9c667b5f5b666ac2698a65c3def0eb94beaca096993992d7373d424c8eeb3ad19,0x83a8bcd836c56fcdce3
0x8218cfa1c04638922a5bed292158e820428004c7387e2c544bba09413fd84655df3b8e1c4c393ce0375a2e52568ecbe7,0x49beb1c417788e99653ee768745369b6a00171094830a6c34e5408c5399fc2bf183c7c1cef162a5e0dc734f968d1753b,0x7d8222b4d51995a2ba657c228c5bf13b6d394e0fe8c335319fe07bb8577f4c3a72473ec8c722fa37dc73d09f39de3884,0x6f81ee3e56e309f2d5217d7e4d5e0f8a84ffe653dc5639a869b0e96562c956446d18660107fcd39fa642db459989747c,0x0deafb790935e026ccadae74c823baca65ea29c6c63d2c1ec573e4cb1511186981895a47c409a40bb76d67141b2c125c,0x3f7eeeed4ffbe5c4fd7e04231cc4340f06308c4ddf26551cb5c02d39cc9270326a94931dfb8014d8cfd,0x20c850694c2aa1
