0x83c6dad1a4420f968e965a34f2dfefb949db4b4aafd30b07cd53678a800c6fdf,0x60a5db238b096378744694299f0f3c4d916ab1aa0257fc378db19e46bb2ddf26,0x4cd45ad793ed0c8116accb44699437ebf13bab840f5cfa93002ebe91eeb0f93c,0x5e8e75f5f861de18b8902ed71a6258bceec805108e09c83527560505513efff6,0x24da2d17a13e63d5ddb024a244c85171bdbabd3f174c5ff1651cc0976f71583d,0x83c6dad1a4420f968e965a34f2dfefba554a3a0c2e8b1da96fda5f0ff1b33fdb,0x1
0xad31fd225a82ef0b985e8dda9fb86afed1f65577a1c9e35b245286bea3b59f89,0x23286070993db9b86bb310730a697be5f93d0e2c34c18ffb309f69837523ddaf,0x30f026c5333efbf8ffc3aa7f18f945f9144bbb4799b0943d891b7d6e89912c4b,0x8fcd6cecbaeeac8d50ed8fad55bcfe1a211169425e715a325dd78e357334919f,0x094ab20058a3a5c803d7efde304a807e15e39098fad05680d277635686cf7f1c,0xad31fd225a82ef0b985e8dda9fb86b004719f082bc4fd56d0f37eb2921eef01b,0x1
0x994050466c8f312f68fed6cec23580699c366b1d4f2988a9ee64e4ebb5804bfd,0x279c7ed4a82063796aa2e9c9078afab29d8471c4e76f41787fd895965e906f60,0x92f35cb6ae67f45d0155b56202ef6d0ba0b1ed1e450715916f77d0fa197c8a57,0x0a0df59e5ae3b4e92871fcd0d67ecafb75a088f93ce77bde66bf5fa1a2d78b0f,0x0dededf7749d36e9c71cc16d66906b6555fe3e13c25a3d86372a60ab87082c94,0x994050466c8f312f68fed6cec235806a5ca3c5b7e78c9b3caaadd111c9575a1b,0x1
0x808ea8319dd774af76fea680c55380637e1ba5790a3ced926efca959adbd77b9,0x48046c5ea84b9cbc449fb38d994b94da4786144bfde53b417664df1abefdbcf5,0x4b7727c24eb1674dee34bbeaec66a03f339304d7bbf7a3e746fa6d8574da1fc1,0x29949e80a2c651a249fec605490ab20cdb759b0e6ed17066105411a8f49c9a13,0x723c79a96e586e1e571e2ae18d99a3e822a997c1ea764f9706d75b919c3e0c42,0x808ea8319dd774af76fea680c5538062510daf0cd3ae6c97d7a262af5722775b,0x1
0x9eeb01f6627f556dccdcea7e564e712eee646c983dae5109ab7f96640e634d89,0x23fc942cedc02145e0892fe830da77fd265bab29f2e12b8dec61b37557b6633a,0x2442443fb8da898217fed219a2f3d113fd8ed7707d95e3454710f2eef909e487,0x3e3ea1aae16bfda340762c0b922606b289ead980a1b743873a1b94bd7f6a737f,0x69726c407225edf4791b1c0a934f6698e038747670f1a7b8d0dba2c5f063a8a2,0x9eeb01f6627f556dccdcea7e564e71308153de1f57fa7ddbf8692655b289abcf,0x1
0x8d42b291f0fcd43c478d46b17db23b89e28313ccb046adceedd37d4d7680a4b9,0x430f4bcf300498aaf5466dabc973fe6386db533ad3732c4532d21fc1fe10c7e8,0x172fbfadd54cb033c6e0bb9cdb002487837d256de7d8e591baf3bc0cfc6ea713,0x5d37ddfbbba8559a3179bd76aff64f7eae9837d160374d341085838af1c9da38,0x506c0686b0b2fe2cd5b58fe7e5cad3c2f3cac814c9b86f70bbc4289cbd3236ba,0x8d42b291f0fcd43c478d46b17db23b88686a23923a343a05f4cb9b9e672626db,0x1
0xa5d32558fb1936d6b7d3adcde3a34d28faa4664016a3255657f930ea060aff41,0x72d7c00748fa6ded0a760bcaf9358893802979a6ff7fa6022d5109392789910b,0x0b87cdbd61e67aeca6f2b3453a071fbcd8a111b42a82a8d4f5105eccc67c7103,0x55f469401a6b7c6632b9f9a64573750174385ad3138d3c803e6548b1616e2eb7,0x43fbeb5fdbda374758a9ba66449afb367c1bbd32de1b87d03d380202f5ee8a66,0xa5d32558fb1936d6b7d3adcde3a34d2948e8f2c7af3d51afeaf08d482f1f7923,0x1
0xb1b12f4cfe58799ddccdaab4a2c7e3cf6a8eb2faccab517c5ab47e0ee5edebeb,0x5b6a16c3c715d5558177f372b096af07be89c7ca59c14dfc828eafe7aa8ba47d,0x948516efd101f238bd237b32e455fedfa29c70c6917ef215015def54ae09903a,0x15218dd3cfcdb18e95c856e2e053d1db11b05182418a42d49b1f77cd7088b00f,0x8eab1a754c2ac68c6e42ca43043b799d18a6c1a5c48d78c2d997c41144bad656,0xb1b12f4cfe58799ddccdaab4a2c7e3d103d85397e32a3ed7f7b60c84b22652c7,0x1
0x9be4ad3bd662fb5804c3d90f774af19eb1d5b6f1b4081743b763dea33f03b2b1,0x2d36ff712f0075cd20bc869e7d22eb0bcf8da5bfcd10eabe5023cc143472d3ac,0x6b05d211c07ef02ce70b1656d828fdcff45eb1fce13c517ca7cf5dacbbba90b6,0x7d21092196c6d173a9c365c57448b070ae3d310ab8f53876ca28e66c976ee658,0x1a43f58501697a4326cc1a71573ef9e7e50c3c115f5b91afea062590d192ec52,0x9be4ad3bd662fb5804c3d90f774af1a030861d0f7f5f84189cb09983749b8bf7,0x1
0x89b3e8b70f9fc2eae73833eacd4beb8653805ecc9ad6c03813501f5eae204cc5,0x386e2ff3369f2b656587ecfc4d6accd6f1e4501515b55fdda636d7aa66d09bf2,0x1acdb68ecab80f1ce80c55f4f3cf94586596dc475f40785dd96b785d630f3e7a,0x13e8b29ffb0b96a5ee0e9479d75e369c21efeeac53f0b9a7efdb433c2796f59c,0x64101d379e019c24d49a72472db1d3ef47d1efb53bb74d3fcf602c936ea080a4,0x89b3e8b70f9fc2eae73833eacd4beb854876233c98e69657f773a0e80bdd6883,0x1
0x9b24436b4d66e6f530b8ac1c2e3c79170df8e3da167ae526507c62751b4ec1f3,0x083bb1e4a8f8c08b4b3192effc41d6fbfaafba8f40abe6450f3d3b89ba3c9edb,0x5df932918915827a722751cdd7009b30ca84afe018e3efe2323da029830e829e,0x5643e80ea94bbe1df34cc8480fd0fa25de8fae0fc3e8b5be471b00e8145edc11,0x3ac25dacbfc5111b5106fc24a4786c7d09363c2f2758ab41da478dca75e8235b,0x9b24436b4d66e6f530b8ac1c2e3c79159fdc51cc1a0860d6f328a99c53cd541f,0x1
0x943d6ccb31586f52fe914e8b37baf4ccabd7b5bea0ae6ea1991b51ce6ea24649,0x589a0aaee96b8fd824f0b0f4ce8bb70d78c7c9f9031b212744d2aef8f85fe55f,0x1f7725025b2fa4cb12c320706bfa8c670edfaa7788901f3cd68bd77bc779f4d2,0x1f761c20fbc6dfa151bc24bfd3dd33404bfce0d1e9e529d468538a6d1cde087d,0x2496d4f8afc73ec53d223ce3e8926b4d5d4361a60b51dc042b7e59537561082b,0x943d6ccb31586f52fe914e8b37baf4cdfe8de6c5fd72b7173770cacddcc1fc8f,0x1
0x98de49a510261cef3228e04c47b1d941c8045425483e8ada3ac122e26380b68f,0x4ea8959a1a22e8cebc4c1660ab541c7707544b780a847fa08c72c2266fa49369,0x16c38df2853ce456c451089d78e769a162a5a68eb6b2e25cf95862cd66b0d96f,0x77fa9ed0057720188af07e0bae29e1dcd73d53170510d1e894229082576ce987,0x0dd0c2b282940ca0c4ab5c1c846aea98815efb2c4c134e0bb060e69971332b5b,0x98de49a510261cef3228e04c47b1d9408143d5386b0e44d2fbedbd81553b5cd7,0x1
0xa26b5fab874975a63f9b55bf194ac21195b4a103158bad9e7f920d7998cedfb1,0x4f4c58d7a15da722a8cb7f28009be1a647b122ba5a16ff417b2fc94a304f5b02,0x1f9bf19d6a4df38762d6ec5c834e05a296710640f65cab3fc93c4fec1ed9310a,0x7f817d177389224b37598513b8367caab6347e84465b3d01b73591f350574b18,0x50da21514d457c168531e8d38ea91cbbfed3a79b566de71809c090d32ae1f5ef,0xa26b5fab874975a63f9b55bf194ac20fff10db2bd5b05188df31a7e20a37ed27,0x1
0xbae6dfe942d268598bb89e9dc88528900c57b8b41ea65a4b826d908b3116bd91,0xb2e39b08b1210c8652ef5f43792c9527db5412752da9c9701444a193a94028f6,0x4848595c3348d33be35a227ac6527ee7635c3e4536774cdaa466ce002536409a,0x4561fefa5cdf7b4ed1475a57f91b5a5164ccba718140efa5fd21b3cad2c85915,0x5f5d576ac3fa4d0dd321317c7e660befbed79daa46158f3b7360106772611dfc,0xbae6dfe942d268598bb89e9dc885288e6236271df4cd1a37f7dbb56a0359242b,0x1
0xb0a6f45f122a2408e387a2973685eb11cd985b373a33fba748cbcef1f8608bb9,0x1cc070f455418e2c709a1fc5a83a67725ce00e630c89b75e0a92cd9eecbc8663,0x1d9fb39aee5e9298d8361279a0d264bfb71529a9088377bd49143734f5b1e0d6,0x83ca4b92530f0736e5953aca32e6e2b7c29d119a3ab1dc7ab1a43293f6bc6358,0x389ac14facab3b805d7068cbc589a9ce573219659755f32d17600fa5054a02ca,0xb0a6f45f122a2408e387a2973685eb12cab0288899f6e916c2de26cf844de6d7,0x1
0xa964598188d79580b95243cd2c904dc8bb7db516cac7ae02b0015f10df968c51,0x0ff6ceab6cfef23563546d7b50f220f0f39444f69bd5f4ecae844c39163dde24,0x1de67cd86fae1cadf3061b6d4603c0d4f971782eece824021950514510ce942b,0x66f474e446d61128fc45538637916d11f73043463cb4c1d93e986febba79290a,0x18e1c6666f3c20ff7bb187e04c56a59ab104c2cc61fcc91312924b1b59ab3684,0xa964598188d79580b95243cd2c904dc970168cc18db269014b1dad4340e93e03,0x1
0xae801185fcb7bca9582eaf8b24e2f56aab77b9c39a0f93f81581703170a17f83,0x55b32f83a6a0f0eced5e494b4a72caa2ad72e8daf20483ccfa1f3834f7225e5e,0x0fde68fa17bec28f37255fdae6bf228d453e1bab5f1f7be0db7b992201d08340,0xad6a50d7db1d77d9f0d4eed35875f90c080cca1433053c1f4f275fbc11f7cb83,0x0702dd23d7abbcd92902395e419b4d91846fc56d4e01a7f28fe980d8c22aa5a4,0xae801185fcb7bca9582eaf8b24e2f569296029ac9d741968bc96f4259d0984c3,0x1
0x9bd3c3aa8bde6a4636ed5c4345fd137d83b57a8ee291f2cac3a26092497574a9,0x184f9e118defd5317cb8ab4465456b8741f329edfe6905f69a3d5fb738987f1a,0x453fa8d8aeb7d3f6ce83fb6f4eeed9bb99b8130f0cc665229a8b2b1a1fcc4f04,0x343b8af38fe81fa144daa1b64da87812ab5eaa60a334b5510b57dccbdd1eefd7,0x69ca077d8ae6106908850e59008b017f58a37fbdbd3fe69ceb81f12a3d90c7fc,0x9bd3c3aa8bde6a4636ed5c4345fd137c4eed19f54d4a950dfc45017de91acab3,0x1
0xb8b89f2112918f94de1716724b59de9c3107327b974383d244088a696b2bb18f,0x7277a7d3cd6a98b206c334663f17dc6d47e441461814c415dff7d7b010d9866b,0xb7b8311d070d536a07862860fc4ddf499d65f650203655322a89ca3b1dc0a706,0x3cdcb154a52178570d43acee9a83a8bcfad38df3f337397e81ac784b65947878,0x4a8f3150df40b85e2c5f99dc2c07b4e2c272687f61beed09438c8ac998a1768b,0xb8b89f2112918f94de1716724b59de9b4adcc8ebc6fd2a65a61b9d428de183fb,0x1
0xa97480bcfee9f8f9ddf63590e8bb6dd4c5b3d666994771368620f31a1e5b17ff,0x6c38008ca8a8cf7b18c9986efb3f245c9f8590963e3ab87e4be2904e392ab764,0x1792e56bdacfebebda33023b997610a0f287c3fe4b07d970a6e6ddc85e296e7a,0x5dbcd6e0a523cafc683e03562f0dffffc5132c929f9342904744727da01fcfe8,0x02f375c1e7f6d07850b795506f15d03ba35c6676f7e2d48c5b194b5c2ffb5159,0xa97480bcfee9f8f9ddf63590e8bb6dd3267cd0b293c56e4b0591ae3efbf1929f,0x1
0x9f2c87a13334194325ac7a14230c311039a1b6224f9a6b7fc1f621b5841a1d79,0x8621651bf146f31ac5d13ad518ac13eca4453e28ba73e79429e5c1651018ea8a,0x4d2aab4c8bba3c6510cf2efbe6641be9cf558503863a73fd70d08f79c0127e66,0x806c42d49cc3eb34cb776c64230c8b688aa81e5d8748ac6949fea795003b100c,0x8a5faf81b5fdf4fe45d12cddfeac2b139aac8ce32844d467ddde3cf65c71065b,0x9f2c87a13334194325ac7a14230c311106fa9a23b6f6270e71fde0e3ccdd8dbf,0x1
0x82732dd69982c77dd2bac4b52f015eb0f62d546560ffc6f60f1335f2d243bd95,0x2a1ad5f609bafde889ecda19122f01c2ebd1282bb502230dd00a0f7e3d782d43,0x54d4c392c851d149cb536d5ae7425b944e485c596015c3feb396df4bb9957cbf,0x44044384a020773d931521b06a57c68f8a1564fa2ef28ad386845f6c3093602b,0x78d962afa514a57ee86b4f66420fde77cd9e1d6c45664f3a32b66f376779919d,0x82732dd69982c77dd2bac4b52f015eafdf675614ed61d4e6bb8e5b1ed7c1bcdf,0x1
0x8beb40226fd6be1cc8269579bad6983a5b07527fd2105149c5ef9c9fff673947,0x31421839b78889de1c30aab1086b4f3ef1d1cf1a11fb6b207f996e5f3fcf08f6,0x3f7ceadb0a11bcb9af32a2059591f1d2dca6808ba49c7b6adbecea9d29186c24,0x53c1effea7c4df1a40377ef9086201fdedcf43708faf6514efde33ca2bbd5bf7,0x7191ab1ad7e7eb1a00da33da7abb32cdab03e2ca98384db8f4ee359087a284b6,0x8beb40226fd6be1cc8269579bad6983a69934d66cfec5b110effeafdd409592f,0x1
0x831d4a073d01cbc6d03dfee87b6207d017da5ab6a1eb99d904ad39338a229f15,0x087d4d1440361b9c25e0fd12777cac7771854c9811144ecb9fafba44da6bf3df,0x1e339293e1d03abf096d0df8124a259aa26ba02adc71e38bf747f2cd863960a5,0x8119af2af755aaa43ce32cf6f6d12a9dc298c16f57b154267e92af7a399f6c07,0x184ce8684b21f34436cd0e3b1d6f9b0ad757fd82c6f1e9d3e9b92945d1336787,0x831d4a073d01cbc6d03dfee87b6207d1713fa7be678748807b451949f91217d3,0x1
0xa865cfb9dc9816e1ebc3a9cae12c7c126205fc8333dd445c842001048cd2260f,0x402b337c182e9dca111872b280c72c912b918de46b709dea79174ec015028754,0xa81eeb8db6bbfcd48d1038fcba258ed1c0d5c6ad8051acfda650bfe16d3d496e,0x48e65cd5a8505994732a5ecc508b27f44433980345f25bf3f4b65ac908310c82,0x554bd7ee94035245fde49d201f7e29838ee1eeba7769ece8ceac82a1f9b96790,0xa865cfb9dc9816e1ebc3a9cae12c7c12b7b1f960b406201b88b3be403f6240bb,0x1
0xaa5a2e4cff73a59d9956b8398cc7cec41ebd06338b75228a5d7036ad1e70c649,0x74a00393db1adcef7a580d337c16bd023eade72ebc4787a7d27ed8599566826c,0x8826a9f17d21729fb891c365e136daa4ef80865159f90a7a5c3c4efd85230d33,0x91309ce7f66e0515c72f096579d15a17c91a2bd2904c63b0f22e83f6d83e147e,0x06ff2619f59be7fee5c613b41f2761c9be319b92476c75505f98c3f1474e5939,0xaa5a2e4cff73a59d9956b8398cc7cec2d73aa689cbdce3218098a4c002981677,0x1
0x9e8a667ad502d324c97208eccc2ac079aaf509a5c2bd7d7626e866f205d0c6db,0x3d23aed1a74422b38f03628e630abf38b13dc6e118619f2f9bf6a74cf9fc4468,0x5e07a91caba150418c183a3e7d5ac55fb9ceea5a3ae6cfcfd64edb67eca462a6,0x6e5c3768c92aa2c8330297705581860ae8baef5c23bfed4732f05fc46c9e708a,0x8b23fe6688b8b82493567d4e0e6c9e46879a5fc762be5f67e3f5f6dc201d209f,0x9e8a667ad502d324c97208eccc2ac078ec2ae805374fe1f903fee56a950036d3,0x1
0x89fccacb3ac661658aa9ab4af478452d38ee710cd1e93ba344bf0c6264d32f9b,0x4a70766ae69bd256f0bd6dc4a78016cdd1d6599ddb66937f56127ec26d9e2e3c,0x3bce963636b13f5db0d96e15a7eae0f0faf894323825473543f742be0d169ea9,0x30bc862328f576209a01b5822a1a7da0a37a586f3cfff7c26d6b78f7b7ec4a09,0x2e792eefa11700019f63f43e13e221aa1131411b404e20cd80218a8d2bb6d88a,0x89fccacb3ac661658aa9ab4af478452e8b4ae8154edbe58a2e50959e70ebef37,0x1
0xb7594a800d08cf4b49bf8ff49384b48414ab2a5a1ffa57472b8d991a16ffbbd7,0x92e83941c398b184e1fa49077a2b4cfc6b248404a36dd03c6b567950ed4f8619,0x11a7015a8aef588c82e9a670d8602140dae0ed7777914dc2700d28a376d31c77,0xa19ae5630284ad47409f67d7285d01c9f5f572e6f05b2d4bd09fc0ca2fb074d5,0x9201232371a2240d38946f53b532cfb93087dae0aca60b76709e8e8c6eea5f96,0xb7594a800d08cf4b49bf8ff49384b482882ed6abc4d66f5a76fca9bff6559413,0x1
0x89ae5b1ffa52bd5a6e1e9627d2fef2b10b01effaff4795bb6f78918d701ea393,0x7edac130197ff8ae6d75e3512eb1a021bdcbf1ec8767b40c5561b46b2e81512f,0x842f8fe0889a4429365fc4b933adf6fc393e6edc4f987c35deeed2ddf1733490,0x2a5de0a5864d7532c26bf87909e25464e7eaa85c5580c1c6097e94c690e4f61d,0x76a08cfa5430bc57e61a11fe38ecb4c2ce98a519a9369f4004f10dab408aa11f,0x89ae5b1ffa52bd5a6e1e9627d2fef2b1658f5ae93ce0dabecead0f8cf294909b,0x1
0x9554dd937aa0ad9e99424b5dd00f8cfac6825882ceac0aff1e8a3733d24fdaef,0x0e5e4178d7071d2d4e5a4b8d4698f952c67aa8c603ffc9540daedec2aad211fe,0x3ddcca00211d3f720183508550fc16d9061c040d9f3a7dc6ac5368a4922355a9,0x09cb72709fef4c9ba76c16d295d8baf749bdf3cc9bdc524c81f033d37504a9fa,0x304a4f193084620dc7d953d95767a17534e7ac964542e4108d2293374b5e627c,0x9554dd937aa0ad9e99424b5dd00f8cf957849a5f82145ef3f8009b981e80f06b,0x1
0xaeb40c209dfd627a933525e8789bb259ef5103b00d3683acd7f673752ca4d8d5,0xaeb40c209dfd627a933525e8789bb259ef5103b00d3683acd7f671515b44d8d5,0xaeb40c209dfd627a933525e8789bb259ef5103b00d3683acc4aa75e6fca4d8d5,0x07db55254356da85e9cdcbc66a336962dcfbcc7b878870fdaf063de769619184,0x9345214f584b2fbd806f9b711b2521845a5f21a1c8b71d796f8c4dcca21cfc1f,0xaeb40c209dfd627a933525e8789bb25b0c0961a83d7b946fc99d4362c7250eaf,0x1
0xb3dde791a708158c1bf6cc9192727e6d8d176535de82649eea006849d9d0ee33,0x9868dd97157719799e45fa240c3513a520fc1c74c058997343798042c3a3f173,0x3a89f22900c586a0f453d598d6973e08350761ee704cc7f27b8d934e96b28cf3,0x7251b7ba26f9e02d14d074a20159d598928cb0fcddb379d9f8ca49991a5076f6,0x72ac4cfbb10867f69ed08392386ef8df2ed51342696aa5733ec23cf7a1ba0849,0xb3dde791a708158c1bf6cc9192727e6c0dc6fc94f620bc9ddd127adb7541c43f,0x1
0x9f84f97c764c8170f4d1d4a5c86bb5763a7b8cf03e3bdd998b3e09234d853fe1,0x3c5a80d95938666962e5493f16012621643a6ac9fc880a86605835c78f25a7f1,0x8c345d863bfb240e67b44dfcf11372023c14e8e0578b26ff3ca4bf17fac2dc47,0x3a8940e4d308ba80398970308f047b1cf91103ff19dd10fb763c9bb9babda060,0x91e37ea7bb84817e095cd70a8fba96b02a9d6cffbf8b011b2ee3635e840fd309,0x9f84f97c764c8170f4d1d4a5c86bb575f8b85893f60c62682f66279bde36147b,0x1
0x93bba9f75bc7dd7375759ed448c7ab0051279042ac551a39f92254c36d257b45,0x335a4712f6ac225c64fd7090fe0ae761f1707e1ce0297690ff1f2fb6dabff754,0x855ffe22dc06b41b0e516ca367525aece5c61ea178a29631e575702800697387,0x0195ff9cdf47abc9e22814765085bd033921dec843c7ffd1793be33ef9b9981a,0x48b256628920248d03aa5b9c82eaeff52352cc383b4e49aa1be2d3da2ece5d17,0x93bba9f75bc7dd7375759ed448c7ab00a4c36b42f737e5a7fe42e5a08fe9c53b,0x1
0x9cbf5d4887e60faceb34d4c776304463cbd02cdf9c382114ea3a09461084f8a3,0x0af56bbd190ab3921686183b3edc8ca5f9963759dccb378168deb4b9fde3a769,0x1b791d660fcb944831d15bd52f40a69c0246618286f87473f4c0ed7d4ea439b7,0x929137a92ff8cc88292d5ad5f65cff9b2012b8bde51f1f8e9b84e5731240f9b8,0x8c48971ca9942a6f070a0ff0ac690bae559473e18a003c0092ff7214116d6bf5,0x9cbf5d4887e60faceb34d4c776304464fa28b7960b929d5f087e4008eb74f4ef,0x1
0xb2f69d0b91cb1638bff7e322138a03c5b231da7717034348f94791cf35f74197,0x64f5186032d0135bf35af00c02a9563f2b5e2393d307f56c90bc709493c89a5f,0x6597a184ba45574a7c6eb12f241df7ef08f2122ac8af214de9d423468066b3f4,0xa6a9afec9b7ade5fb4a8d00ddc6ea79e55d7eedef2dcfdc86cade2abd0f53ff0,0x7560e67d6a2df48415c21bb79f889174fb4d4a9fd0ab4a0b2a758841c533b1a2,0xb2f69d0b91cb1638bff7e322138a03c681c3dd307a104479f4fde5f62b16e8db,0x1
0xa48b63c04d88edafa7341387a7d7b4763cc4cc4a902846b88bcdfb8126827a51,0xa210764ef154fdb8774cd8ce6224a603f292aad1366650f8a7707b4e01f89bf6,0x2f6c9b1c4451466964e9f19b86b2713c758fff001fe0a63c74c001f39864c907,0x9e100d30bc16ac2d7fa57627744344eb0bd100ed8795c8e97d65c109298ee36c,0x62cd275b6db893b9af5eda21dcecc4ea2ab1ad095f22390ee5994b8b047abefa,0xa48b63c04d88edafa7341387a7d7b477d2feed75853ede6c39c75cbe048de893,0x1
0xa13679d5e53d5414b9fbde2af21c4b1921841eb180b8eb89068d231914831a17,0xa03b5065afd7bb77de5ee1fd1fdc3bb6f171c788b780f08b28048fba490c0894,0x81a540cd1ee32226f2e1ad149453b09da2aa1c09e214162205b675b181f2ea41,0x9dcba2bbd41093d4fef103f2b05fa6d846f42d8ea0f72c9d8c84a6974f86072d,0x12c1478a543a61aad2827ec8e82899496ead7ea76906ca5a3cc6586275107f6a,0xa13679d5e53d5414b9fbde2af21c4b1a5f0f0f1da66554a4dd452ae85f219c7f,0x1
0xb61cfa5208a074e773a8595637db369a1d9a5845c46c18dd8057cfd70d3a48fd,0x10d526bd662da9afc4aeacba41feb022eac212184ee8e0b80cc93abb0280cfde,0x8c8b6d0b19dc2c397a46573eb66f559c8b62578b940da1e955a7841d5a0de9c9,0x289496a9d2ea940294f18967c0d1707ba88716709746743d7dd23d820ab41d90,0x9c0fb591ed24bd9a4f7fa93307c3650c967f3b041bcbaa881284515306feaabf,0xb61cfa5208a074e773a8595637db369b9e69d14bae2c05dbd824d637bc6effa7,0x1
0xac6e35ad0abc98ad8c2022f042ac79c426580f97e116d015fc25dae0c9a86fa3,0x16fbe15d7ffb377672f9e807b1a570471ed4a2e9959c0047b3cd554d28fc3132,0x205ab9f0b11e3ae7294ab482a2842d681a8655b3ee025a0b9486062b15430918,0x9de411f8ede6f6729c979e4b3c03fe7fc47084b6290dafaa11eecb1a3765c644,0x837240427fe88962b0031739442491189dc32c5c9777952c3b74908d95a1fc02,0xac6e35ad0abc98ad8c2022f042ac79c3e6f768f4b4905f356ace5f3385f6db27,0x1
0xb5cff808046a0cdf2dfa3f050136c84a3a14b0289629728fc79137aa436dbdb5,0x38d8f9efe7371e1a1607254e124724f49c6b83be9e3d1da660f169e4f781521c,0x15fc338fec8f95b6164bdc2d915b3a01dd9efc41c00d9394933e4c856e1a36ee,0x6a4555897f7c00d820ec8701c74b2c92ff1c3acb9d695205f034729edf4f50b4,0x94c3b7eaa7caddb2c09dfb8af5756320c0cd6dbcb58d5db7f26e1e48d0759847,0xb5cff808046a0cdf2dfa3f050136c848d9cbaa12f9ae3cba56ca876528ccc1fb,0x1
0x8b3553df442e01dba7a679e67f7010ed4376067b4cfb2cf352285fb2128ad5d9,0x899a4e912d30fb5f12683c33db770fa53ba8e19bbc58ffd2ea09c4e84fbeb3ef,0x08efe2e8264f68df832e44b01962850b269736f9fac62cf5fac2a557de5a02a4,0x4b22503c406b0b773ddb857af2ea05a27dc43e1e07fcd18faa4ad62e985f5f5a,0x54f69cc9a1981ad476bea2c97a9fa9f1b4b7bc57aac3a09533302266cf15b32a,0x8b3553df442e01dba7a679e67f7010edf66d30bce85beb5e7bdb3efd642c98db,0x1
0xa49349d923f25078da34c6167a7540e52a667d3cce45666d1ebcd3c7216bb93d,0x67ab1968ac678827110d9167f836042795b294f5d2bfc36e53aefe3bed0d2a72,0x0e599d31e13bb6c6745c0e757bf159ae1d2905f3c7d0f9a70e3417ccca9b0763,0x3425c143e08b8f94947d619049b3e04b410416de50cc72342059ae6ab77ae92b,0x3606290160bfd51c60280f47225185dfedd87d965d34bcb9590eec25e25aec2b,0xa49349d923f25078da34c6167a7540e41ee286bf4b7c5265f993dc1657eb573b,0x1
0x956182dc32ec92d2d64e9dfbce48b6d1462ff3d35a46d04986b556ecf96a6e69,0x23ed0193bffcc961ca7a0881ba4cb3b7ce927d8fb418b58957b283f48bc36202,0x27c3b95f4a5ff0abb433b50530f06707eacca18e0f16900b7214881cf2981fa8,0x506a52dd6734034909b720256686823687a099d9297ba975e5a7344fd93c285b,0x3af3e2f40a18088a422e223e18c64fab112ccf8e617c1c2bf0277cc21a452ae8,0x956182dc32ec92d2d64e9dfbce48b6d087d1454eeca81a85b059a6111d3730b7,0x1
0xa28a07bc30f96f132cbd05d1d0d3e0857ca8447bc7ad5a2f8dcc817dedbe3a29,0x54faa758713bdd2031779c6d7b5173a7bd44bc27ba216f9f16977b1e2aa82c0f,0x03283cd020b1faaec2b0556818adb1cdefe634dfc9f2c95d9d194aef0d508e31,0x44d9f453db8199debf6ced062b5182640e032872a690abd301dfb3d5aa36d949,0x3d08cb2add7e9b6d7ef2ed6174afa5e417620c3924bcd5753967f5f718d22d57,0xa28a07bc30f96f132cbd05d1d0d3e086a5411fc257d345033ded6367dbfe1a03,0x1
0x8d2ca6e87c91b64f6398bd1e58ee38defd0147314c0a3b2abd03dba8a8bbdcb9,0x8b5317e8245068a9983f6cb66cf05ee597c5e20a4b0e3e1450e686ebba5085bb,0x5f6c7af6ab52bd0d6785fd07f6ac5d39f1b05dec89e8ff2dff6428a3ef47b282,0x69661ad3dae86e36c9babe8a2b72d4919967c75485c8d0d509792df4b9966d01,0x1b50b08de173993e71f2da807b0cec194401a5ffc33caab8fd122497ae4abde1,0x8d2ca6e87c91b64f6398bd1e58ee38df1d361a608477e76d13ff319c93b97303,0x1
0xab35dd9e445de3c4b9fc4f8cb5dcba81cad3ce787de589e63977ae44061503af,0x5e90a7e4e4928b98c8030d6edc8ad4cc4c61d703f13bcc654c69a4d51a55e561,0x8ae8016e6d11cfeabe59695fc20861a0a61e55a2f7bed0ec299dc4da462244e0,0x1d3579b85c4ac15cae825238f4a4158e246fccd4e4114f94271fc89f8dcafc67,0x3fee91a85dcb138d1d7b297e11ad80c7ee1c1cb3f375f91eb31cba2383c1d0d4,0xab35dd9e445de3c4b9fc4f8cb5dcba808c0fd254c0008374bdcf59ae6daf0b53,0x1
0x8ae0eb9a45a49dfd3fbc4f09791e0465a82e3d3a991733e5ed307a4b8200bdc1,0x2f0a915b39498211f5ec960d139f405f6a08dec58e1460c5b5cb3f4cc1b4800e,0x790977b6fab6d5526974f6ce2666f23d14cc4800342bde0b75b5a104b55bac57,0x84b439cab18206f7fbaf2463c6c7f11064c3e3c43cc14648b6ae162707ba7ef6,0x6fe558c38ec966d465ec26d741e2039727382fd722f29f86a1e76d281c302bfc,0x8ae0eb9a45a49dfd3fbc4f09791e0466c1a3455d9f01a87ec41b4dda0948c5d7,0x1
0x95a2c0fb289589fa565f50454a330fa13721ea432c5b9f18be7be6ae2bced57f,0x00e6991caa1cd09dcb64bffb0b52187ddd55c9892bb84df598e58fe5bfdc76ff,0x1215fb9b23db0e2c9348379f24e021a34780ecc12b159d25b73b3a22c1de8d38,0x444230efc1bcfff3271f107598f70738eaf751f922838d83b93ab149c191f6bf,0x83eaf625f909dc6d2eb3d6a35e5e8f146dd30e3e23df6188bf9289200d2d7028,0x95a2c0fb289589fa565f50454a330f9fbde8831c7ebb30dc940980685623c05b,0x1
0xa5725b2f65a06ecfcc278107773797749392a60850acc11de8f7000aa6a921e1,0x6e1fe1ddbb333db68df21da30fc803923d27e0c9653cfd58a1d85aa839bc9e5a,0x65461c2fd1d66b76000cdb251d417c537b4f3a4535cbd72ffa51cde2a9ca962d,0x78ca7cb5b0877a62b3f43c22fe90cf683adb21bb6162b34eb010c0c344d801c6,0x7226bfd998acc070cf7ea886911ce68aacae5dd10b45580d4112e4090027d5ee,0xa5725b2f65a06ecfcc2781077737977524dae6d62118ed196ed037ecad66893b,0x1
0xa50810761993a9da5dcf4156b4dc232fd32b430e80175c557985311bc4033f0d,0x903765bfb835f86504287d9e51d9e2123e8d9cabd9a7dc1261e7000c9044aefe,0x02522cb50bf9eaab32dca19a57dc2023c5c70b81f49bb3ad09e559c031ce0c40,0x923f441fc0a099c0475c6267838249ca8274e6168dd5515e0b20d8e8edff6822,0x178cd9454bd4366a501e9e0f4db814472b6c9cf5152ebdadfdbad28b3653df42,0xa50810761993a9da5dcf4156b4dc232f6484cd7241b16f2427e2767f0cebd2cf,0x1
0x848f021ef30c4adbaf559c70c55d65b63a4ac89a55ae84c497e4c00356593f99,0x84568d911aebf6af47f4363ddb3c2db37bf1ba7307e9006560c09074186047d8,0x6fc5e6d1ba320238e94eb116f034c861bd0ae64eb320222e5a9b50197dcee85b,0x287c6e0c095f3160ad459d4982a33aefa440aab2a792b58e695fe75c7f5ee7c1,0x76af69e9de2fdcc9988779a5426ef125e0b7c163e3e271ad71209501098ac9d6,0x848f021ef30c4adbaf559c70c55d65b77440a2c7bdcd1f8597578f46540679c3,0x1
0x99b9173f87733d04175c0213ef166ce0a10d40ce344ad3c8bd7a9ce70ef6ac73,0x911c0d966d4037ec1d2c260a135b5c09d64d79af2da815090d99cdfe6ab06c07,0x5a9596063c9e51e3ba6e2baf5d23ed2d37b89a5ffcb038c9e102e415128c936a,0x239be698dbaab3a279ee31a898a6771994c25791fc19c6f0a3ab6ccf1a8e2211,0x2f8a891166ca1ba802098e95f66dd6c87afa9f1bc305dea32ac8f1337794ea09,0x99b9173f87733d04175c0213ef166ce20e621fe8beb792ae86f0ce08320e56bb,0x1
0x96846074516027da92d641e1af520e2664539bf3549a2e8797b6f21c54db0805,0x0b8aa05038cffab0e1459540e7bded0ca0941da5766b373f4b60770c79c52818,0x5acde90549fe4df994b90ce1c63ccc0acd30a0b0146f66d0bc667f7c4653f5fa,0x4bb508695b6c34ea7377b2c5eff6c43114f9384e893373a38e0c62e5cb3af5b4,0x56325ddee8e6fc4d2582851fa79281d96035c0d93129e52264655b7f35084dda,0x96846074516027da92d641e1af520e26077eef68f52675d17d8905a106f977c7,0x1
0x8ad730913fcf2a2f584b6a470d50dfa19b622a6d6a63ff10b5abc1663fd38859,0x1d56f98c521de9b97874a0970d6a6cb661528535e12f1637e24c85027ad23fb5,0x85b4fe968dcb4707e30522f3f85514b45cfd554421bb3f0958e804e871b5ba63,0x5277484c7243de7991cc2e7f40bcb4499625bd91fdefbdf7a4aa31fddfc4c6ac,0x5a0657bb7b8d0944bd177e8c3fe30ca91f8b42eb8b38ae15d3de7a428bdd8d60,0x8ad730913fcf2a2f584b6a470d50dfa1a1c2fa9103dd592886c36ec204fcf40f,0x1
0x836247c639ff9be9d72751f33a778b3a4ec3529cf5a2f25c2de35c9bb7290383,0x422e68faff80b810f113554f0640c701cdecf52274bfcdef92d7b18e5dfcdd15,0x7bd3f2ae8a12de9ceb443ca33e13bd878af5b9225b029b90ad645f914e2495b8,0x2420ad1771a1e670d5cfb95cb9cf0514f7a93046892f340572137d866cf4a052,0x152e7bb490ee9769a91af115124945dfcbf3ab106e0a1fad1fb63309c86fcc0b,0x836247c639ff9be9d72751f33a778b391fbd67e5bf9279a47111b5eea0ee4257,0x1
0x97de01cd80edf19d24d43b3527037558fb0da33bec576acaea98e3004a37bc19,0x3f9decea975990ccdad525b953013ace490f16a410f10df7d31aebb5c199bc0b,0x768049fcdb763f84156c8e2ad66acfa9c0425fc80ffafebc800ba9e89cd63104,0x776763115704c1ae820d2e4f6f79f29235245b5d6d939175875c629667dbb96f,0x2505179f412c2ce6aedc864099233dd43d085c464e061ebb954f69e24085cb33,0x97de01cd80edf19d24d43b352703755a72108135aa6af5945df6df39e060a2c3,0x1
0x820395faede0e8967ebc76d3ea08498216fccd929e4e50fd8875a23ee2e5239f,0x7ef8425b9c65d114483073fa9bf4689c975994e606db11c1e2cbb47a890f08bb,0x2c62cef0b3510ba5d35c9502e308f6fe2663322978cc5df4b5dbdc32d45d6585,0x2dc6f50bb2621d9d48be306cc0c9faa9d741636acb60ecaefa738dd95cac2dda,0x81d6c950cd93deb27b8adb2940f345cdb3412e3f9002b936808b0cf78b25b541,0x820395faede0e8967ebc76d3ea0849832533d32a194bce7db724731cae46b78f,0x1
0x9603d0b790cb21b88d36fc7323b18212836f11914f25deb33a03a2df24b110ff,0x9603d0b790cb21b88d36fc7323b18212836f11914f25deb3196ce08345b110ff,0x9603d0b790cb21b88d36fc7323b18212836f11914aac29ffa5c12d73a4b110ff,0x361814bf5a55379bed644526aa9fa41947c8d0e882991a0d108d9a2e33f7bc3c,0x4dc64403db696e490e3c0185be311c002ebc341b62413ccf6a723c9b819dcb9c,0x9603d0b790cb21b88d36fc7323b182114ed4002741c4eb528b714dd4b8357c87,0x1
0x8b40c817e075cd43be16ba902c85ce6d3ac21d95541bdec00b645761c0e1a679,0x3514d9ce1096c258e5eb22dc5bc2d59a31959938dc552ef4c96873d7c4a4a994,0x6db7e68c69a9b386b1df4085d7165999333b7618d973e75cbcf4506bf1030e29,0x6d132b405793255260670703ac633d1b79bf2d75de2c1dc4ffb3d9bf38d6dee6,0x4042fb42d26088e203ebf90b70384429be82c193d0b5d76a7d49db83f8138a8e,0x8b40c817e075cd43be16ba902c85ce6c029d02f742d94b8b173558794fa9d4bf,0x1
0xa124f3958e38d541bdf1c4e8a73b53a332bf109368ac01aba0a40aba227496dd,0x2cabf731bb35bcf3773674a06c6d1fafdc068229d84fbef61a0a781f796b5379,0x012a7d3a292738557ac8dbeaa7083487bc6575a501791cba68ef0f076cab7177,0x5bfe238e58604716b559448b262e4ac1e84bf37ef0d38dbf4d2761c776f3b4c3,0x56694b977f84c83d8f1ca58803316154c276329b85550aace4ee9c20fbe0969f,0xa124f3958e38d541bdf1c4e8a73b53a283c292cfd000f68ff73e5b7c26cb9d57,0x1
0xb5675aa365252ea6b68532b82e5bb22ebc6ee716b5ed8bff95804086fc37b2b7,0xae1062f3352adce23c37e5c7c0c7973c224414dcbb6e38ac5ee660547fa3e5af,0x34ec264acbadb886bcf249cbdfd44a76cf9916d11f0d9333da9ed7b8c1ecaf97,0x61ecdd6000fbcd675e87176cab54b56743414cb6c54707ec1cd957c640fce545,0x14b49d5b937f2d61edb7d1c8913184371f940706baf469e2b0a5f96c721c5b1d,0xb5675aa365252ea6b68532b82e5bb23016e22d339d363f5ee928385a4b3bdc77,0x1
0x813bf86d06a4dedc986da96e502cde7759ecb4af3ceb8f957166926a11ce2449,0x0a19ff6cf39b4cd9989676b40c97b2955556b2d34e072ad147ae145193af9a43,0x341f5afc1084cc0f07de5d8b9f27b5d1fbe6afcf0b0c0080753b58563fd346fb,0x5de46843debcd5fc07124e0827c7b0b10889a9d1fbeb3dbb8fe5e3b7aa4cc5e6,0x2e569c8cecd7c08cde180f8862061af59422e25d55de0f37253faf4ca4b088df,0x813bf86d06a4dedc986da96e502cde7834de8ae3e80dc6f630776ca3bb7dab0b,0x1
0x91f699ab4dc2ac64d88efb43d4b6f4a3e5d21e22e51a11ae323d8d9b3beeb789,0x650b235e75a820d50b1799c6bb057adf4b51c024e5a265c87063296e0eddc2b0,0x0f1fe14d67076615f6c2421d792e92bf2bf3a80f0ae16647f7e17c98fe673c3d,0x694fcecca2879aeadc710bab7a0cd1e7b3e70d87595b7c85a174c438138cf8ff,0x5e18de17e21dcae5af43409989f58078230eee6b90c4f1bcf0f8974074ed8e5c,0x91f699ab4dc2ac64d88efb43d4b6f4a2a8e4d983edc2b69e2cace463a2f115e3,0x1
0xb27470b228dbd304c10a40d34a9793cdf14d63a99ebc3abdb63509f194a24ac1,0x7d8592084e0c51fd9fcee3e8c6107852d0de2ca5b9833da38d8da61c35e36d59,0x56be2e09b7d9c523eac015cf09a743d442b67c8ea57c6a4b00812ca58da9c493,0x780653ab73866e7c82ff374a4b09e49f616eaf00760f6af3aa4c8fc22ae2771f,0x8a37934deae23e8e10a57e358920144cad4598afc329b45d57f3905d425ee800,0xb27470b228dbd304c10a40d34a9793cdc8cbe79540180046d90d98327cd61a3f,0x1
0x92f6cc30bed97d78fa468e6d7dd7df4994c0bc402be2e44886df4cdbfb6aea57,0x64448ad21ad5e477277d1ff5a2cf4c67a6b8c22986ad22ab2bdb6dc073a33dba,0x8c8a0b60139b7124255c4d8d27bcd939e704ea588098389cf64ff6072f8020de,0x481637cc5714d1c0d80385de3a3820d5884573f3ddba86c48a7f4d0145c98ff7,0x78cc92a700eb0d9bcf45491193dfbe53ec44c0efdbeef46b021ce32fc900a98f,0x92f6cc30bed97d78fa468e6d7dd7df4abba56ec1338d2c3656f6c73b36b84787,0x1
0xbb6d1b8323e800fdf78e9b3aab9041c5ed8c83eb0454131f6e7f5487dd49fa93,0x9d5d51b17737b011c2f6b45ba6c0246186fbde1df882dd5e827a92b875c15da3,0x0ffb935b9e0f08f4af0c114c60f89142f18bbd1b852511a7909ea3e91245367a,0x583baf0b56ac00c27ec2c0473642eaea6fffc73615cd7304aacbe5467fcceea0,0x92f790cd094ce6ad683bd14238c544c792a4c40b80fb9bf64d7115cb9c0a1b0b,0xbb6d1b8323e800fdf78e9b3aab9041c441e92b4451cc5c7a5a27956aa3c49ad3,0x1
0x86da586359fa49955c87c39d4590e79372b03ef2fedb86cf4fb6d2adf71fb8ed,0x212eb33a0fb7e538c682e70543a69a94545f0fd88b2a16f273d8659487521c97,0x12034c97d6ab4ca3befaebe6b358c965e82a1021642c2d6f38d07964375b90af,0x254bcafd49e6d9f5a982c0f8f8b1129ea2319f9d11fb16ee8d642960c6a017f6,0x23cd632fccde353c312b928445e58b57251ceabb290bcdd58a0e6f65212909b1,0x86da586359fa49955c87c39d4590e79447c571caaa9676e4ff85b56d24241287,0x1
0x82966fc48ccd267699bc750f9142713ec73d6bd62b39030456a8cfb41c9eb929,0x789d08bb86fb08b849b64de560dc444093c5c071745b1b917d33c3c3836048ef,0x1b58d5f8742573c5e226b30276cf86e5a044c26c4a9dca26a9f50a0c009bbcaa,0x17ce23fe9f634367f37bd557cc9c66ff0a182f58ac7bb126eec31d603b974798,0x10f7adbbde9276815f7c962379048c6087430257e2fad0cfe1396cf7eda80e83,0x82966fc48ccd267699bc750f9142714027ebb011ef7e4ebf8438bc6dbd73ea5f,0x1
0xac19bbb9a041ebaf3eeaf7a99e043ce92c520de1a2b2bb3dbb3b2c4a64a2c6c9,0xac19bbb9a041ebaf3eeaf7a99e043ce92c520de1a2b2bb3dbb3b2c499a82c6c9,0xac19bbb9a041ebaf3eeaf7a99e043ce92c520de1a2b2bb3dbb3ae55cd4a2c6c9,0x08b6180adbbfcdc53fc0f3fe3bac17b8ce4dc56cee513f82ec21006d0d26654f,0x3e3641532f66680549912c39d50fa1b57e1e64fc6a1979d3ae2b0c8192aaf1f0,0xac19bbb9a041ebaf3eeaf7a99e043ce9817c9c244a8607742144b00230a72e1f,0x1
0xb1367f6b5d33cefc3862cc7e4fc362138ad5146d94fd0aec93e58751a85e9b51,0x43746419a2dcf048bd35d89160fbfa88cb34766acf4bfdf669106eed3e9c27fe,0x92644f4f8701d4b8d626ea7f8199e3200b4b2d1b422946f8919b54f05fdd30c8,0x22065a69a22e11bbd56b2480d0fec1c75d64c6ea658a72c07ef2efcb0aac3f56,0x1802e04ccdd686d8690db7c686926a86e8ef11bfb3cb8d338a617c691a59e3f2,0xb1367f6b5d33cefc3862cc7e4fc36211eabf32ccb03c130396808d7db962923f,0x1
0xb6826d21a9ea239e943bc089aaa89eb0e0c9590ba2b60cd7f97ca63a96282157,0x23ae970dc6c2435e31e04f3c912eafb836a0688607b9a06c2d0ec472baaa3696,0x22f5018c0166c895b11e140b542ed68383714d474bfe850c6fca9eba3e86596d,0xb12fa84b834b2d15eb98f227f3cdfd851208f2b2184e953213137b0a9511085e,0x519eaf1d10f3f7808bb5067eca684ce9cfc3f30269991f7ac4d5dd1afd5dc70b,0xb6826d21a9ea239e943bc089aaa89eaf318a84c3007a8103aed82beabd78944f,0x1
0x969721ffc00f38d2f316ae6dddfaf5f6271f2acb17782c1061f39f440226cc73,0x0d19c91e28c8bdd129e51eaec16aee265db9f95aa2025d976cda8b35048da94f,0x1da22ea4a3c76439e17e5abb6ea75672cf5377e6a62cbf7618027362a407ca73,0x568dcf238bb84c999415e1bfc4451a9ba250ad836cccb108053762690161affa,0x39520482c0e2feb2950eef7c8a7a8aa29160939431dd40c2aa4212d0e9b6317c,0x969721ffc00f38d2f316ae6dddfaf5f4e4533aa10f55b1be87da0906bf4e70a7,0x1
0xaa122075d6a1a47915c7eca174a37e503325d919582889366beb364e88a7baa1,0x616cee05c674e5a927b47cd244f775c31b8438938f4164096ae75cf16ad0e712,0xa7ab784c11fe10a482069104d44262ba1bdd7738cf1d5a864e70eeb93d693778,0x0ecc89dfea2a261128d3c0440e8cb664d5d0eadfd8eaa35669cc93d2f57024f7,0x9addf2ee8acb1ab1e40d1037a2695178edcf5d9dc0e8def0bb8cbf306a4fe5d2,0xaa122075d6a1a47915c7eca174a37e4ecc562481ab2b49bb5bdd818273c4c57b,0x1
0x88cebdd4aee1195795042098319afbfedb8eb1df5c9fcf7f214615412c7fcd09,0x63d5040d78f6acc7c281e5e7c39cc0488ba853a28d1a90f620c52fc0681e2294,0x3e2292cbaca896689c1af6caf201ab92aad8327b86952581e81b6b73596effd3,0x827be24115bb49d41b685131ec719e7cce9ae1f0dbecf36d2e6885887dfecf9f,0x69453364ccee4b44d34d4b7895e36a235294a4c3e0bfeaaca19383ff600132e2,0x88cebdd4aee1195795042098319afbffeb925649cf80b1ec198e5d242b89fca7,0x1
0x9f1ccbda5ceb8cf8036b3423f119293d8acdf86eb12adb5d7774bc457fade6d1,0x11069ec99dc7c970fbf2139d14e0419b3813ce0c9ba438ee633156d3a19e7b4e,0x72c5a38bc13fb65f6ef8de2b3dc229a8b95fb19ad519ffe9089d266b5f18ffd7,0x09b19cec729b60b3d9d9a50ad5f5130cb514de02c632321868697311e22918ba,0x3764b9e39e4c470b51bd0cfcb94e19ec37cb0c15edf83e0a6625d7cd456d3a26,0x9f1ccbda5ceb8cf8036b3423f119293cb9b6a2aa6a525f782f0e0ef7dc19aaf7,0x1
0x94b7cd117c5c5732bfa5b9d0de8dd3e08744ec0cffbb3fef116f8427389ab009,0x386db8589b75ce780a74687007e1dfc3fba7922b56eeb35cc7defc0dd7659c82,0x7dcb3d3b391847b0fd000bd5b760fb7145567efd161e32103501c388c1914b2a,0x2c95bff20e943f81929fc64eb233209de4859a471225566b5a316a1c0d7d8304,0x1d5dbafa1d7c0ca00bb2643124e41243b397a4958825fbe1020c452c2f22c125,0x94b7cd117c5c5732bfa5b9d0de8dd3e1ea0f6b48d7314aa46a10bdcf1127af23,0x1
0x8b6318642ba4ee58ed8da78d545885b6b2303238f436cd8ab2f392a0575e4f65,0x2fff71eddd3bc5550bee134f43d3a60ccb175f6d4665ca9e426826a6ff1b21e8,0x3970429147ca04f9b5d5ef21bd74bf9ed269d1f97486e1334d1cff38dca74244,0x23169b21470105c9b2a35ae7a0c16dde1c7d13212d0d3c7e6cde44efbfee3655,0x35606423ca12316b19f2614b08ffe00799ff3ccf85c0893ede87dfdc4044480e,0x8b6318642ba4ee58ed8da78d545885b7a1f0fb141f9ffffcfc45382b625c4d67,0x1
